Date,EPS,PE,
23-09-2013,1.97,71.91,DLF
24-09-2013,1.97,71.25,DLF
25-09-2013,1.97,69.32,DLF
26-09-2013,1.97,68.74,DLF
27-09-2013,1.97,66.84,DLF
30-09-2013,2.16,59.42,DLF
01-10-2013,2.16,63.32,DLF
03-10-2013,2.16,64.3,DLF
04-10-2013,2.16,64.41,DLF
07-10-2013,2.16,63.79,DLF
08-10-2013,2.16,64.27,DLF
09-10-2013,2.16,67.98,DLF
10-10-2013,2.16,69.16,DLF
11-10-2013,2.16,71.38,DLF
14-10-2013,2.16,71.13,DLF
15-10-2013,2.16,70.99,DLF
17-10-2013,2.16,70.94,DLF
18-10-2013,2.16,72.7,DLF
21-10-2013,2.16,76.77,DLF
22-10-2013,2.16,75.96,DLF
23-10-2013,2.16,73.39,DLF
24-10-2013,2.16,73.65,DLF
25-10-2013,2.16,70.02,DLF
28-10-2013,2.16,67.68,DLF
29-10-2013,2.16,69.37,DLF
30-10-2013,2.16,69.02,DLF
31-10-2013,2.16,70.18,DLF
01-11-2013,2.16,72.79,DLF
03-11-2013,2.16,72.86,DLF
05-11-2013,2.16,74.36,DLF
06-11-2013,2.16,72.1,DLF
07-11-2013,2.16,68.81,DLF
08-11-2013,2.16,70.57,DLF
11-11-2013,2.16,68.54,DLF
12-11-2013,2.16,66.92,DLF
13-11-2013,2.16,65.97,DLF
14-11-2013,2.16,67.33,DLF
18-11-2013,2.16,68.84,DLF
19-11-2013,2.16,69.21,DLF
20-11-2013,2.16,69.48,DLF
21-11-2013,2.16,67.24,DLF
22-11-2013,2.16,66.8,DLF
25-11-2013,2.16,68.93,DLF
26-11-2013,2.16,69.14,DLF
27-11-2013,2.16,68.21,DLF
28-11-2013,2.16,69.14,DLF
29-11-2013,2.16,70.39,DLF
02-12-2013,2.16,70.63,DLF
03-12-2013,2.16,72.16,DLF
04-12-2013,2.16,70.87,DLF
05-12-2013,2.16,72.21,DLF
06-12-2013,2.16,72.09,DLF
09-12-2013,2.16,76.42,DLF
10-12-2013,2.16,74.2,DLF
11-12-2013,2.16,72.62,DLF
12-12-2013,2.16,72.28,DLF
13-12-2013,2.16,69.78,DLF
16-12-2013,2.16,70.45,DLF
17-12-2013,2.16,70.29,DLF
18-12-2013,2.16,74.17,DLF
19-12-2013,2.16,73.41,DLF
20-12-2013,2.16,75.35,DLF
23-12-2013,2.16,78.64,DLF
24-12-2013,2.16,79.08,DLF
26-12-2013,2.16,78.87,DLF
27-12-2013,2.16,79.22,DLF
30-12-2013,2.16,77,DLF
31-12-2013,3.64,45.89,DLF
01-01-2014,3.64,46.82,DLF
02-01-2014,3.64,45.79,DLF
03-01-2014,3.64,46.36,DLF
06-01-2014,3.64,45.85,DLF
07-01-2014,3.64,45.01,DLF
08-01-2014,3.64,44.61,DLF
09-01-2014,3.64,43.7,DLF
10-01-2014,3.64,43.02,DLF
13-01-2014,3.64,44.21,DLF
14-01-2014,3.64,43.18,DLF
15-01-2014,3.64,43.92,DLF
16-01-2014,3.64,44.47,DLF
17-01-2014,3.64,42.71,DLF
20-01-2014,3.64,42.81,DLF
21-01-2014,3.64,43.22,DLF
22-01-2014,3.64,43.58,DLF
23-01-2014,3.64,43.69,DLF
24-01-2014,3.64,42,DLF
27-01-2014,3.64,38.5,DLF
28-01-2014,3.64,38.85,DLF
29-01-2014,3.64,38.78,DLF
30-01-2014,3.64,37.04,DLF
31-01-2014,3.64,37.74,DLF
03-02-2014,3.64,36.87,DLF
04-02-2014,3.64,36.93,DLF
05-02-2014,3.64,37.92,DLF
06-02-2014,3.64,37.22,DLF
07-02-2014,3.64,37.92,DLF
10-02-2014,3.64,39.03,DLF
11-02-2014,3.64,38.63,DLF
12-02-2014,3.64,38.47,DLF
13-02-2014,3.64,39.22,DLF
14-02-2014,3.64,39.71,DLF
17-02-2014,3.64,39.31,DLF
18-02-2014,3.64,39.2,DLF
19-02-2014,3.64,39.36,DLF
20-02-2014,3.64,39.49,DLF
21-02-2014,3.64,39.17,DLF
24-02-2014,3.64,39.28,DLF
25-02-2014,3.64,38.94,DLF
26-02-2014,3.64,38.5,DLF
28-02-2014,3.64,38.7,DLF
03-03-2014,3.64,38.21,DLF
04-03-2014,3.64,38.48,DLF
05-03-2014,3.64,39.79,DLF
06-03-2014,3.64,41.78,DLF
07-03-2014,3.64,45.9,DLF
10-03-2014,3.64,47.18,DLF
11-03-2014,3.64,49.04,DLF
12-03-2014,3.64,49.24,DLF
13-03-2014,3.64,46.32,DLF
14-03-2014,3.64,48.1,DLF
18-03-2014,3.64,47.73,DLF
19-03-2014,3.64,47.8,DLF
20-03-2014,3.64,45.97,DLF
21-03-2014,3.64,47.07,DLF
22-03-2014,3.64,46.91,DLF
24-03-2014,3.64,47.2,DLF
25-03-2014,3.64,48.8,DLF
26-03-2014,3.64,48.14,DLF
27-03-2014,3.64,47.97,DLF
28-03-2014,3.64,48.41,DLF
31-03-2014,4.89,36.15,DLF
01-04-2014,4.89,35.82,DLF
02-04-2014,4.89,36.12,DLF
03-04-2014,4.89,35.16,DLF
04-04-2014,4.89,36.07,DLF
07-04-2014,4.89,35,DLF
09-04-2014,4.89,36.15,DLF
10-04-2014,4.89,36.53,DLF
11-04-2014,4.89,36.09,DLF
15-04-2014,4.89,33.96,DLF
16-04-2014,4.89,32.34,DLF
17-04-2014,4.89,32.66,DLF
21-04-2014,4.89,32.31,DLF
22-04-2014,4.89,32.14,DLF
23-04-2014,4.89,31.2,DLF
25-04-2014,4.89,31.46,DLF
28-04-2014,4.89,31.53,DLF
29-04-2014,4.89,31.42,DLF
30-04-2014,4.89,28.7,DLF
02-05-2014,4.89,28.61,DLF
05-05-2014,4.89,28.45,DLF
06-05-2014,4.89,28.73,DLF
07-05-2014,4.89,28.69,DLF
08-05-2014,4.89,28.55,DLF
09-05-2014,4.89,29.61,DLF
12-05-2014,4.89,29.91,DLF
13-05-2014,4.89,31.12,DLF
14-05-2014,4.89,32.86,DLF
15-05-2014,4.89,32.75,DLF
16-05-2014,4.89,34.72,DLF
19-05-2014,4.89,37.34,DLF
20-05-2014,4.89,37.69,DLF
21-05-2014,4.89,39.41,DLF
22-05-2014,4.89,43.15,DLF
23-05-2014,4.89,44.32,DLF
26-05-2014,4.89,41.82,DLF
27-05-2014,4.89,41.85,DLF
28-05-2014,4.89,42.1,DLF
29-05-2014,4.89,41.7,DLF
30-05-2014,4.89,42.94,DLF
02-06-2014,4.89,42.88,DLF
03-06-2014,4.89,44.97,DLF
04-06-2014,4.89,44.87,DLF
05-06-2014,4.89,44.95,DLF
06-06-2014,4.89,47.7,DLF
09-06-2014,4.89,49.38,DLF
10-06-2014,4.89,47.72,DLF
11-06-2014,4.89,45.2,DLF
12-06-2014,4.89,45.75,DLF
13-06-2014,4.89,41.99,DLF
16-06-2014,4.89,43.04,DLF
17-06-2014,4.89,43.5,DLF
18-06-2014,4.89,42.49,DLF
19-06-2014,4.89,42.35,DLF
20-06-2014,4.89,42.57,DLF
23-06-2014,4.89,42.88,DLF
24-06-2014,4.89,44.87,DLF
25-06-2014,4.89,44.44,DLF
26-06-2014,4.89,43.05,DLF
27-06-2014,4.89,43.21,DLF
30-06-2014,4.23,50.73,DLF
01-07-2014,4.23,51.12,DLF
02-07-2014,4.23,51.65,DLF
03-07-2014,4.23,50.98,DLF
04-07-2014,4.23,51.67,DLF
07-07-2014,4.23,52.71,DLF
08-07-2014,4.23,48.61,DLF
09-07-2014,4.23,48.16,DLF
10-07-2014,4.23,52.6,DLF
11-07-2014,4.23,49.45,DLF
14-07-2014,4.23,49.03,DLF
15-07-2014,4.23,50.31,DLF
16-07-2014,4.23,53.24,DLF
17-07-2014,4.23,52.46,DLF
18-07-2014,4.23,52.15,DLF
21-07-2014,4.23,50.72,DLF
22-07-2014,4.23,51.18,DLF
23-07-2014,4.23,50.72,DLF
24-07-2014,4.23,50.6,DLF
25-07-2014,4.23,48.33,DLF
28-07-2014,4.23,45.9,DLF
30-07-2014,4.23,47.27,DLF
31-07-2014,4.23,46.85,DLF
01-08-2014,4.23,47.37,DLF
04-08-2014,4.23,47.54,DLF
05-08-2014,4.23,48.53,DLF
06-08-2014,4.23,47.82,DLF
07-08-2014,4.23,47.92,DLF
08-08-2014,4.23,45.94,DLF
11-08-2014,4.23,47.05,DLF
12-08-2014,4.23,47.76,DLF
13-08-2014,4.23,45.86,DLF
14-08-2014,4.23,46.38,DLF
18-08-2014,4.23,46.78,DLF
19-08-2014,4.23,47.28,DLF
20-08-2014,4.23,47.51,DLF
21-08-2014,4.23,46.43,DLF
22-08-2014,4.23,46,DLF
25-08-2014,4.23,45.08,DLF
26-08-2014,4.23,45.24,DLF
27-08-2014,4.23,43.23,DLF
28-08-2014,4.23,41.95,DLF
01-09-2014,4.23,42.51,DLF
02-09-2014,4.23,43.46,DLF
03-09-2014,4.23,43.23,DLF
04-09-2014,4.23,39.51,DLF
05-09-2014,4.23,41.42,DLF
08-09-2014,4.23,41.73,DLF
09-09-2014,4.23,41.14,DLF
10-09-2014,4.23,41.73,DLF
11-09-2014,4.23,41.38,DLF
12-09-2014,4.23,41.54,DLF
15-09-2014,4.23,41,DLF
16-09-2014,4.23,39.76,DLF
17-09-2014,4.23,39.94,DLF
18-09-2014,4.23,41.4,DLF
19-09-2014,4.23,40.61,DLF
22-09-2014,4.23,39.36,DLF
23-09-2014,4.23,36.8,DLF
24-09-2014,4.23,37.72,DLF
25-09-2014,4.23,36.8,DLF
26-09-2014,4.23,38.3,DLF
29-09-2014,4.23,37.41,DLF
30-09-2014,5.53,27.29,DLF
01-10-2014,5.53,27.21,DLF
07-10-2014,5.53,25.7,DLF
08-10-2014,5.53,26.92,DLF
09-10-2014,5.53,27.63,DLF
10-10-2014,5.53,27.56,DLF
13-10-2014,5.53,26.54,DLF
14-10-2014,5.53,18.99,DLF
16-10-2014,5.53,19.96,DLF
17-10-2014,5.53,20.03,DLF
20-10-2014,5.53,20.87,DLF
21-10-2014,5.53,21.97,DLF
22-10-2014,5.53,21.75,DLF
23-10-2014,5.53,21.69,DLF
27-10-2014,5.53,19.99,DLF
28-10-2014,5.53,20.14,DLF
29-10-2014,5.53,21.37,DLF
30-10-2014,5.53,22.42,DLF
31-10-2014,5.53,22.52,DLF
03-11-2014,5.53,23.25,DLF
05-11-2014,5.53,22.91,DLF
07-11-2014,5.53,24.34,DLF
10-11-2014,5.53,24.53,DLF
11-11-2014,5.53,24.72,DLF
12-11-2014,5.53,25.27,DLF
13-11-2014,5.53,25.13,DLF
14-11-2014,5.53,25.65,DLF
17-11-2014,5.53,25.28,DLF
18-11-2014,5.53,25.19,DLF
19-11-2014,5.53,25.51,DLF
20-11-2014,5.53,25.07,DLF
21-11-2014,5.53,25.38,DLF
24-11-2014,5.53,26.61,DLF
25-11-2014,5.53,25.64,DLF
26-11-2014,5.53,27.49,DLF
27-11-2014,5.53,26.8,DLF
28-11-2014,5.53,27.02,DLF
01-12-2014,5.53,27.81,DLF
02-12-2014,5.53,27.76,DLF
03-12-2014,5.53,28.13,DLF
04-12-2014,5.53,27.91,DLF
05-12-2014,5.53,29.22,DLF
08-12-2014,5.53,28.97,DLF
09-12-2014,5.53,28.8,DLF
10-12-2014,5.53,28.95,DLF
11-12-2014,5.53,28.25,DLF
12-12-2014,5.53,27.54,DLF
15-12-2014,5.53,26.21,DLF
16-12-2014,5.53,25.21,DLF
17-12-2014,5.53,24.22,DLF
18-12-2014,5.53,24.6,DLF
19-12-2014,5.53,23.88,DLF
22-12-2014,5.53,24.2,DLF
23-12-2014,5.53,24.12,DLF
24-12-2014,5.53,23.82,DLF
26-12-2014,5.53,24.6,DLF
29-12-2014,5.53,24.58,DLF
30-12-2014,5.53,24.53,DLF
31-12-2014,5.35,25.62,DLF
01-01-2015,5.35,25.65,DLF
02-01-2015,5.35,26,DLF
05-01-2015,5.35,25.37,DLF
06-01-2015,5.35,24.94,DLF
07-01-2015,5.35,25.11,DLF
08-01-2015,5.35,26.62,DLF
09-01-2015,5.35,25.75,DLF
12-01-2015,5.35,25.53,DLF
13-01-2015,5.35,24.89,DLF
14-01-2015,5.35,24.91,DLF
15-01-2015,5.35,27.49,DLF
16-01-2015,5.35,27.29,DLF
19-01-2015,5.35,27.13,DLF
20-01-2015,5.35,27.2,DLF
21-01-2015,5.35,26.86,DLF
22-01-2015,5.35,27.75,DLF
23-01-2015,5.35,29.18,DLF
27-01-2015,5.35,29.53,DLF
28-01-2015,5.35,30.44,DLF
29-01-2015,5.35,31.03,DLF
30-01-2015,5.35,31.72,DLF
02-02-2015,5.35,32.22,DLF
03-02-2015,5.35,31.73,DLF
04-02-2015,5.35,32.34,DLF
05-02-2015,5.35,31.63,DLF
06-02-2015,5.35,30.6,DLF
09-02-2015,5.35,29.38,DLF
10-02-2015,5.35,29.5,DLF
11-02-2015,5.35,29.64,DLF
12-02-2015,5.35,29.68,DLF
13-02-2015,5.35,28.98,DLF
16-02-2015,5.35,29.07,DLF
18-02-2015,5.35,27.95,DLF
19-02-2015,5.35,28.05,DLF
20-02-2015,5.35,28.26,DLF
23-02-2015,5.35,27.34,DLF
24-02-2015,5.35,27.4,DLF
25-02-2015,5.35,27.58,DLF
26-02-2015,5.35,28.07,DLF
27-02-2015,5.35,29.09,DLF
28-02-2015,5.35,29.03,DLF
02-03-2015,5.35,28.87,DLF
03-03-2015,5.35,28.24,DLF
04-03-2015,5.35,28.79,DLF
05-03-2015,5.35,28.69,DLF
09-03-2015,5.35,28.18,DLF
10-03-2015,5.35,27.01,DLF
11-03-2015,5.35,26.99,DLF
12-03-2015,5.35,27.82,DLF
13-03-2015,5.35,29.42,DLF
16-03-2015,5.35,30.68,DLF
17-03-2015,5.35,30.75,DLF
18-03-2015,5.35,30.74,DLF
19-03-2015,5.35,30.65,DLF
20-03-2015,5.35,29.89,DLF
23-03-2015,5.35,29.79,DLF
24-03-2015,5.35,29.89,DLF
25-03-2015,5.35,30.74,DLF
26-03-2015,5.35,29.72,DLF
27-03-2015,5.35,28.92,DLF
30-03-2015,5.35,29.79,DLF
31-03-2015,5.27,30.03,DLF
01-04-2015,5.27,30.29,DLF
06-04-2015,5.27,31.75,DLF
07-04-2015,5.27,30.8,DLF
08-04-2015,5.27,30.75,DLF
09-04-2015,5.27,30.24,DLF
10-04-2015,5.27,30.1,DLF
13-04-2015,5.27,29.81,DLF
15-04-2015,5.27,29.17,DLF
16-04-2015,5.27,28.5,DLF
17-04-2015,5.27,27.95,DLF
20-04-2015,5.27,27.76,DLF
21-04-2015,5.27,26.43,DLF
22-04-2015,5.27,26.02,DLF
23-04-2015,5.27,25.9,DLF
24-04-2015,5.27,24.91,DLF
27-04-2015,5.27,23.56,DLF
28-04-2015,5.27,24.3,DLF
29-04-2015,5.27,25.36,DLF
30-04-2015,5.27,25.87,DLF
04-05-2015,5.27,26.25,DLF
05-05-2015,5.27,26.44,DLF
06-05-2015,5.27,25.03,DLF
07-05-2015,5.27,24.46,DLF
08-05-2015,5.27,25.24,DLF
11-05-2015,5.27,24.72,DLF
12-05-2015,5.27,23.81,DLF
13-05-2015,5.27,23.72,DLF
14-05-2015,5.27,24.09,DLF
15-05-2015,5.27,23.69,DLF
18-05-2015,5.27,23.29,DLF
19-05-2015,5.27,23.57,DLF
20-05-2015,5.27,23.41,DLF
21-05-2015,5.27,23.58,DLF
22-05-2015,5.27,23.38,DLF
25-05-2015,5.27,23.1,DLF
26-05-2015,5.27,22.22,DLF
27-05-2015,5.27,22.64,DLF
28-05-2015,5.27,22.61,DLF
29-05-2015,5.27,22.37,DLF
01-06-2015,5.27,22.43,DLF
02-06-2015,5.27,21.46,DLF
03-06-2015,5.27,20.93,DLF
04-06-2015,5.27,21.09,DLF
05-06-2015,5.27,20.36,DLF
08-06-2015,5.27,20.83,DLF
09-06-2015,5.27,20.99,DLF
10-06-2015,5.27,21.26,DLF
11-06-2015,5.27,20.48,DLF
12-06-2015,5.27,20.42,DLF
15-06-2015,5.27,20.51,DLF
16-06-2015,5.27,20.48,DLF
17-06-2015,5.27,20.61,DLF
18-06-2015,5.27,20.3,DLF
19-06-2015,5.27,20.23,DLF
22-06-2015,5.27,21.76,DLF
23-06-2015,5.27,22.3,DLF
24-06-2015,5.27,21.72,DLF
25-06-2015,5.27,22.41,DLF
26-06-2015,5.27,22.79,DLF
29-06-2015,5.27,22.16,DLF
30-06-2015,4.54,25.76,DLF
01-07-2015,4.54,25.82,DLF
02-07-2015,4.54,25.72,DLF
03-07-2015,4.54,25.56,DLF
06-07-2015,4.54,25.9,DLF
07-07-2015,4.54,26.19,DLF
08-07-2015,4.54,25.69,DLF
09-07-2015,4.54,25.75,DLF
10-07-2015,4.54,25.25,DLF
13-07-2015,4.54,25.4,DLF
14-07-2015,4.54,25.23,DLF
15-07-2015,4.54,25.71,DLF
16-07-2015,4.54,25.58,DLF
17-07-2015,4.54,25.16,DLF
20-07-2015,4.54,23.93,DLF
21-07-2015,4.54,23.54,DLF
22-07-2015,4.54,23.47,DLF
23-07-2015,4.54,23.76,DLF
24-07-2015,4.54,22.7,DLF
27-07-2015,4.54,22.3,DLF
28-07-2015,4.54,21.1,DLF
29-07-2015,4.54,22.35,DLF
30-07-2015,4.54,24.09,DLF
31-07-2015,4.54,25.29,DLF
03-08-2015,4.54,25.55,DLF
04-08-2015,4.54,25.37,DLF
05-08-2015,4.54,26.88,DLF
06-08-2015,4.54,26.99,DLF
07-08-2015,4.54,27.7,DLF
10-08-2015,4.54,28.24,DLF
11-08-2015,4.54,27.39,DLF
12-08-2015,4.54,25.82,DLF
13-08-2015,4.54,25.13,DLF
14-08-2015,4.54,29.72,DLF
17-08-2015,4.54,28.48,DLF
18-08-2015,4.54,28.21,DLF
19-08-2015,4.54,27.92,DLF
20-08-2015,4.54,26.48,DLF
21-08-2015,4.54,25.13,DLF
24-08-2015,4.54,21.22,DLF
25-08-2015,4.54,24.79,DLF
26-08-2015,4.54,24.38,DLF
27-08-2015,4.54,25.22,DLF
28-08-2015,4.54,25.35,DLF
31-08-2015,4.54,24.42,DLF
01-09-2015,4.54,23.36,DLF
02-09-2015,4.54,24.15,DLF
03-09-2015,4.54,26.59,DLF
04-09-2015,4.54,25.69,DLF
07-09-2015,4.54,24.82,DLF
08-09-2015,4.54,26.54,DLF
09-09-2015,4.54,26.97,DLF
10-09-2015,4.54,27.24,DLF
11-09-2015,4.54,27.41,DLF
14-09-2015,4.54,27.78,DLF
15-09-2015,4.54,27.11,DLF
16-09-2015,4.54,27.24,DLF
18-09-2015,4.54,27.79,DLF
21-09-2015,4.54,28.14,DLF
22-09-2015,4.54,27.44,DLF
23-09-2015,4.54,28.04,DLF
24-09-2015,4.54,27.84,DLF
28-09-2015,4.54,28.48,DLF
29-09-2015,4.54,29.67,DLF
30-09-2015,5,27.41,DLF
01-10-2015,5,26.77,DLF
05-10-2015,5,26.91,DLF
06-10-2015,5,27.1,DLF
07-10-2015,5,27.7,DLF
08-10-2015,5,27.73,DLF
09-10-2015,5,27.96,DLF
12-10-2015,5,27.21,DLF
13-10-2015,5,27.39,DLF
14-10-2015,5,26.75,DLF
15-10-2015,5,26.91,DLF
16-10-2015,5,25.62,DLF
19-10-2015,5,26.46,DLF
20-10-2015,5,26.34,DLF
21-10-2015,5,25.78,DLF
23-10-2015,5,25.97,DLF
26-10-2015,5,25.81,DLF
27-10-2015,5,25.43,DLF
28-10-2015,5,24.8,DLF
29-10-2015,5,24.1,DLF
30-10-2015,5,23.32,DLF
02-11-2015,5,23.73,DLF
03-11-2015,5,24.03,DLF
04-11-2015,5,24.43,DLF
05-11-2015,5,23.24,DLF
06-11-2015,5,23.69,DLF
09-11-2015,5,22.76,DLF
10-11-2015,5,21.76,DLF
11-11-2015,5,22.4,DLF
13-11-2015,5,22.05,DLF
16-11-2015,5,22,DLF
17-11-2015,5,22.33,DLF
18-11-2015,5,21.3,DLF
19-11-2015,5,20.73,DLF
20-11-2015,5,20.48,DLF
23-11-2015,5,20.63,DLF
24-11-2015,5,21.4,DLF
26-11-2015,5,22.69,DLF
27-11-2015,5,22.82,DLF
30-11-2015,5,23.04,DLF
01-12-2015,5,23.56,DLF
02-12-2015,5,23.4,DLF
03-12-2015,5,23.73,DLF
04-12-2015,5,23.44,DLF
07-12-2015,5,23.32,DLF
08-12-2015,5,22.09,DLF
09-12-2015,5,22.11,DLF
10-12-2015,5,22.32,DLF
11-12-2015,5,21.64,DLF
14-12-2015,5,21.42,DLF
15-12-2015,5,21.68,DLF
16-12-2015,5,22.59,DLF
17-12-2015,5,23.06,DLF
18-12-2015,5,22.92,DLF
21-12-2015,5,23.22,DLF
22-12-2015,5,22.68,DLF
23-12-2015,5,23.22,DLF
24-12-2015,5,22.86,DLF
28-12-2015,5,23,DLF
29-12-2015,5,22.76,DLF
30-12-2015,5,22.79,DLF
31-12-2015,2.24,51.88,DLF
01-01-2016,2.24,54.31,DLF
04-01-2016,2.24,52.86,DLF
05-01-2016,2.24,52.97,DLF
06-01-2016,2.24,51.25,DLF
07-01-2016,2.24,47.83,DLF
08-01-2016,2.24,50.11,DLF
11-01-2016,2.24,50.09,DLF
12-01-2016,2.24,49.01,DLF
13-01-2016,2.24,49.24,DLF
14-01-2016,2.24,47.32,DLF
15-01-2016,2.24,44.57,DLF
18-01-2016,2.24,43,DLF
19-01-2016,2.24,42.96,DLF
20-01-2016,2.24,41.26,DLF
21-01-2016,2.24,40.97,DLF
22-01-2016,2.24,42.29,DLF
25-01-2016,2.24,41.84,DLF
27-01-2016,2.24,42.78,DLF
28-01-2016,2.24,42.31,DLF
29-01-2016,2.24,43.11,DLF
01-02-2016,2.24,43.27,DLF
02-02-2016,2.24,41.75,DLF
03-02-2016,2.24,41.82,DLF
04-02-2016,2.24,42.29,DLF
05-02-2016,2.24,42.87,DLF
08-02-2016,2.24,43.18,DLF
09-02-2016,2.24,42.73,DLF
10-02-2016,2.24,40.45,DLF
11-02-2016,2.24,36.36,DLF
12-02-2016,2.24,36.09,DLF
15-02-2016,2.24,40.05,DLF
16-02-2016,2.24,38.42,DLF
17-02-2016,2.24,39.58,DLF
18-02-2016,2.24,38.77,DLF
19-02-2016,2.24,39.45,DLF
22-02-2016,2.24,39.83,DLF
23-02-2016,2.24,38.01,DLF
24-02-2016,2.24,37.97,DLF
25-02-2016,2.24,37.34,DLF
26-02-2016,2.24,39.02,DLF
29-02-2016,2.24,39.83,DLF
01-03-2016,2.24,43.78,DLF
02-03-2016,2.24,48.05,DLF
03-03-2016,2.24,47.45,DLF
04-03-2016,2.24,48.27,DLF
08-03-2016,2.24,47.89,DLF
09-03-2016,2.24,48.06,DLF
10-03-2016,2.24,47.42,DLF
11-03-2016,2.24,47.6,DLF
14-03-2016,2.24,47.19,DLF
15-03-2016,2.24,47.28,DLF
16-03-2016,2.24,47.68,DLF
17-03-2016,2.24,46.99,DLF
18-03-2016,2.24,48,DLF
21-03-2016,2.24,48.85,DLF
22-03-2016,2.24,51.36,DLF
23-03-2016,2.24,51.58,DLF
28-03-2016,2.24,47.67,DLF
29-03-2016,2.24,47.75,DLF
30-03-2016,2.24,51.47,DLF
31-03-2016,5.39,21.27,DLF
01-04-2016,5.39,22.43,DLF
04-04-2016,5.39,22.02,DLF
05-04-2016,5.39,21.03,DLF
06-04-2016,5.39,21.26,DLF
07-04-2016,5.39,21.07,DLF
08-04-2016,5.39,21.99,DLF
11-04-2016,5.39,22.38,DLF
12-04-2016,5.39,22.18,DLF
13-04-2016,5.39,22.63,DLF
18-04-2016,5.39,23.19,DLF
20-04-2016,5.39,23.07,DLF
21-04-2016,5.39,22.84,DLF
22-04-2016,5.39,22.72,DLF
25-04-2016,5.39,22.31,DLF
26-04-2016,5.39,23.04,DLF
27-04-2016,5.39,22.86,DLF
28-04-2016,5.39,23.33,DLF
29-04-2016,5.39,24.02,DLF
02-05-2016,5.39,23.87,DLF
03-05-2016,5.39,23.65,DLF
04-05-2016,5.39,22.36,DLF
05-05-2016,5.39,23.12,DLF
06-05-2016,5.39,23.3,DLF
09-05-2016,5.39,23.79,DLF
10-05-2016,5.39,23.7,DLF
11-05-2016,5.39,23.4,DLF
12-05-2016,5.39,23.69,DLF
13-05-2016,5.39,22.61,DLF
16-05-2016,5.39,23.08,DLF
17-05-2016,5.39,23.05,DLF
18-05-2016,5.39,23.67,DLF
19-05-2016,5.39,23.06,DLF
20-05-2016,5.39,22.8,DLF
23-05-2016,5.39,22.55,DLF
24-05-2016,5.39,22.33,DLF
25-05-2016,5.39,22.79,DLF
26-05-2016,5.39,23.74,DLF
27-05-2016,5.39,23.95,DLF
30-05-2016,5.39,23.45,DLF
31-05-2016,5.39,24.1,DLF
01-06-2016,5.39,24.63,DLF
02-06-2016,5.39,24.83,DLF
03-06-2016,5.39,24.51,DLF
06-06-2016,5.39,24.59,DLF
07-06-2016,5.39,25.08,DLF
08-06-2016,5.39,25.38,DLF
09-06-2016,5.39,25.25,DLF
10-06-2016,5.39,24.87,DLF
13-06-2016,5.39,24.22,DLF
14-06-2016,5.39,24.62,DLF
15-06-2016,5.39,24.62,DLF
16-06-2016,5.39,24.32,DLF
17-06-2016,5.39,24.96,DLF
20-06-2016,5.39,25.73,DLF
21-06-2016,5.39,25.61,DLF
22-06-2016,5.39,26.01,DLF
23-06-2016,5.39,25.64,DLF
24-06-2016,5.39,24.73,DLF
27-06-2016,5.39,24.99,DLF
28-06-2016,5.39,24.78,DLF
29-06-2016,5.39,26.72,DLF
30-06-2016,5.92,25.34,DLF
01-07-2016,5.92,25.56,DLF
04-07-2016,5.92,26.79,DLF
05-07-2016,5.92,26.48,DLF
07-07-2016,5.92,26.2,DLF
08-07-2016,5.92,26.11,DLF
11-07-2016,5.92,26.67,DLF
12-07-2016,5.92,27.18,DLF
13-07-2016,5.92,26.53,DLF
14-07-2016,5.92,26.43,DLF
15-07-2016,5.92,26.54,DLF
18-07-2016,5.92,26.05,DLF
19-07-2016,5.92,25.69,DLF
20-07-2016,5.92,26.64,DLF
21-07-2016,5.92,26.13,DLF
22-07-2016,5.92,26.83,DLF
25-07-2016,5.92,27.62,DLF
26-07-2016,5.92,27.08,DLF
27-07-2016,5.92,27.08,DLF
28-07-2016,5.92,27.34,DLF
29-07-2016,5.92,27.38,DLF
01-08-2016,5.92,27.26,DLF
02-08-2016,5.92,26.74,DLF
03-08-2016,5.92,26.15,DLF
04-08-2016,5.92,27.41,DLF
05-08-2016,5.92,27.84,DLF
08-08-2016,5.92,27.99,DLF
09-08-2016,5.92,28.17,DLF
10-08-2016,5.92,28.1,DLF
11-08-2016,5.92,27.35,DLF
12-08-2016,5.92,27.45,DLF
16-08-2016,5.92,27.88,DLF
17-08-2016,5.92,28,DLF
18-08-2016,5.92,28.26,DLF
19-08-2016,5.92,28.33,DLF
22-08-2016,5.92,27.79,DLF
23-08-2016,5.92,27.51,DLF
24-08-2016,5.92,27.73,DLF
25-08-2016,5.92,27.33,DLF
26-08-2016,5.92,27.01,DLF
29-08-2016,5.92,26.74,DLF
30-08-2016,5.92,27.4,DLF
31-08-2016,5.92,26.22,DLF
01-09-2016,5.92,25.1,DLF
02-09-2016,5.92,25.32,DLF
06-09-2016,5.92,25.43,DLF
07-09-2016,5.92,25.64,DLF
08-09-2016,5.92,26.45,DLF
09-09-2016,5.92,26.65,DLF
12-09-2016,5.92,24.5,DLF
14-09-2016,5.92,24.42,DLF
15-09-2016,5.92,24.41,DLF
16-09-2016,5.92,24.69,DLF
19-09-2016,5.92,25.62,DLF
20-09-2016,5.92,24.96,DLF
21-09-2016,5.92,25.05,DLF
22-09-2016,5.92,25.98,DLF
23-09-2016,5.92,26.32,DLF
26-09-2016,5.92,25.83,DLF
27-09-2016,5.92,25.93,DLF
28-09-2016,5.92,26.36,DLF
29-09-2016,5.92,23.68,DLF
30-09-2016,5.15,28.4,DLF
03-10-2016,5.15,29.66,DLF
04-10-2016,5.15,29.85,DLF
05-10-2016,5.15,30.87,DLF
06-10-2016,5.15,30.17,DLF
07-10-2016,5.15,30.29,DLF
10-10-2016,5.15,29.91,DLF
13-10-2016,5.15,28.67,DLF
14-10-2016,5.15,29.17,DLF
17-10-2016,5.15,28.52,DLF
18-10-2016,5.15,29.47,DLF
19-10-2016,5.15,29.19,DLF
20-10-2016,5.15,29.88,DLF
21-10-2016,5.15,30.33,DLF
24-10-2016,5.15,30.13,DLF
25-10-2016,5.15,29.93,DLF
26-10-2016,5.15,29.54,DLF
27-10-2016,5.15,28.89,DLF
28-10-2016,5.15,29.23,DLF
30-10-2016,5.15,29.17,DLF
01-11-2016,5.15,29.07,DLF
02-11-2016,5.15,28.19,DLF
03-11-2016,5.15,27.82,DLF
04-11-2016,5.15,27.14,DLF
07-11-2016,5.15,27.93,DLF
08-11-2016,5.15,27.91,DLF
09-11-2016,5.15,23.03,DLF
10-11-2016,5.15,24.25,DLF
11-11-2016,5.15,22.67,DLF
15-11-2016,5.15,22.22,DLF
16-11-2016,5.15,21.1,DLF
17-11-2016,5.15,21.8,DLF
18-11-2016,5.15,22.61,DLF
21-11-2016,5.15,21.11,DLF
22-11-2016,5.15,21.56,DLF
23-11-2016,5.15,22.7,DLF
24-11-2016,5.15,21.98,DLF
25-11-2016,5.15,21.83,DLF
28-11-2016,5.15,21.93,DLF
29-11-2016,5.15,22.32,DLF
30-11-2016,5.15,22.35,DLF
01-12-2016,5.15,21.83,DLF
02-12-2016,5.15,21.32,DLF
05-12-2016,5.15,22.02,DLF
06-12-2016,5.15,22.53,DLF
07-12-2016,5.15,21.74,DLF
08-12-2016,5.15,22.01,DLF
09-12-2016,5.15,22.32,DLF
12-12-2016,5.15,22.01,DLF
13-12-2016,5.15,21.8,DLF
14-12-2016,5.15,21.89,DLF
15-12-2016,5.15,21.91,DLF
16-12-2016,5.15,21.71,DLF
19-12-2016,5.15,21.72,DLF
20-12-2016,5.15,21.93,DLF
21-12-2016,5.15,22.83,DLF
22-12-2016,5.15,22.4,DLF
23-12-2016,5.15,22.05,DLF
26-12-2016,5.15,20.47,DLF
27-12-2016,5.15,21.06,DLF
28-12-2016,5.15,20.92,DLF
29-12-2016,5.15,21.41,DLF
30-12-2016,5.15,21.63,DLF
02-01-2017,7.98,14.88,DLF
03-01-2017,7.98,14.93,DLF
04-01-2017,7.98,15.72,DLF
05-01-2017,7.98,15.87,DLF
06-01-2017,7.98,15.86,DLF
09-01-2017,7.98,15.85,DLF
10-01-2017,7.98,15.71,DLF
11-01-2017,7.98,15.69,DLF
12-01-2017,7.98,15.69,DLF
13-01-2017,7.98,15.55,DLF
16-01-2017,7.98,16.24,DLF
17-01-2017,7.98,16.47,DLF
18-01-2017,7.98,16.51,DLF
19-01-2017,7.98,16.56,DLF
20-01-2017,7.98,16.11,DLF
23-01-2017,7.98,16.37,DLF
24-01-2017,7.98,16.47,DLF
25-01-2017,7.98,17.15,DLF
27-01-2017,7.98,16.99,DLF
30-01-2017,7.98,17.14,DLF
31-01-2017,7.98,16.91,DLF
01-02-2017,7.98,18.05,DLF
02-02-2017,7.98,17.75,DLF
03-02-2017,7.98,17.98,DLF
06-02-2017,7.98,18.22,DLF
07-02-2017,7.98,18.01,DLF
08-02-2017,7.98,18.23,DLF
09-02-2017,7.98,18.57,DLF
10-02-2017,7.98,18.52,DLF
13-02-2017,7.98,18.51,DLF
14-02-2017,7.98,18.48,DLF
15-02-2017,7.98,17.19,DLF
16-02-2017,7.98,17.67,DLF
17-02-2017,7.98,17.83,DLF
20-02-2017,7.98,18.33,DLF
21-02-2017,7.98,18.22,DLF
22-02-2017,7.98,18.29,DLF
23-02-2017,7.98,18.6,DLF
27-02-2017,7.98,18.4,DLF
28-02-2017,7.98,18.85,DLF
01-03-2017,7.98,19.24,DLF
02-03-2017,7.98,17.68,DLF
03-03-2017,7.98,18.05,DLF
06-03-2017,7.98,18.24,DLF
07-03-2017,7.98,18.18,DLF
08-03-2017,7.98,17.88,DLF
09-03-2017,7.98,17.84,DLF
10-03-2017,7.98,17.78,DLF
23-09-2013,6.0727355,16.90999307,DLF
24-09-2013,6.075862758,16.87124296,DLF
25-09-2013,6.078990016,16.83249285,DLF
26-09-2013,6.082117274,16.79374273,DLF
27-09-2013,6.085244533,16.75499262,DLF
30-09-2013,6.088371791,16.71624251,DLF
01-10-2013,6.091499049,16.6774924,DLF
03-10-2013,6.094626307,16.63874229,DLF
04-10-2013,6.097753565,16.59999218,DLF
07-10-2013,6.100880823,16.56124206,DLF
08-10-2013,6.104008082,16.52249195,DLF
09-10-2013,6.10713534,16.48374184,DLF
10-10-2013,6.110262598,16.44499173,DLF
11-10-2013,6.113389856,16.40624162,DLF
14-10-2013,6.116517114,16.3674915,DLF
15-10-2013,6.119644372,16.32874139,DLF
17-10-2013,6.122771631,16.28999128,DLF
18-10-2013,6.125898889,16.25124117,DLF
21-10-2013,6.129026147,16.21249106,DLF
22-10-2013,6.132153405,16.17374095,DLF
23-10-2013,6.135280663,16.13499083,DLF
24-10-2013,6.138407921,16.09624072,DLF
25-10-2013,6.14153518,16.05749061,DLF
28-10-2013,6.144662438,16.0187405,DLF
29-10-2013,6.147789696,15.97999039,DLF
30-10-2013,6.150916954,15.94124027,DLF
31-10-2013,6.154044212,15.90249016,DLF
01-11-2013,6.15717147,15.86374005,DLF
03-11-2013,6.160298729,15.82498994,DLF
05-11-2013,6.163425987,15.78623983,DLF
06-11-2013,6.166553245,15.74748972,DLF
07-11-2013,6.169680503,15.7087396,DLF
08-11-2013,6.172807761,15.66998949,DLF
11-11-2013,6.175935019,15.63123938,DLF
12-11-2013,6.179062278,15.59248927,DLF
13-11-2013,6.182189536,15.55373916,DLF
14-11-2013,6.185316794,15.51498904,DLF
18-11-2013,6.188444052,15.47623893,DLF
19-11-2013,6.19157131,15.43748882,DLF
20-11-2013,6.194698568,15.39873871,DLF
21-11-2013,6.197825827,15.3599886,DLF
22-11-2013,6.200953085,15.32123848,DLF
25-11-2013,6.204080343,15.28248837,DLF
26-11-2013,6.207207601,15.24373826,DLF
27-11-2013,6.210334859,15.20498815,DLF
28-11-2013,6.213462117,15.16623804,DLF
29-11-2013,6.216589375,15.12748793,DLF
02-12-2013,6.219716634,15.08873781,DLF
03-12-2013,6.222843892,15.0499877,DLF
04-12-2013,6.22597115,15.01123759,DLF
05-12-2013,6.229098408,14.97248748,DLF
06-12-2013,6.232225666,14.93373737,DLF
09-12-2013,6.235352924,14.89498725,DLF
10-12-2013,6.238480183,14.85623714,DLF
11-12-2013,6.241607441,14.81748703,DLF
12-12-2013,6.244734699,14.77873692,DLF
13-12-2013,6.247861957,14.73998681,DLF
16-12-2013,6.250989215,14.7012367,DLF
17-12-2013,6.254116473,14.66248658,DLF
18-12-2013,6.257243732,14.62373647,DLF
19-12-2013,6.26037099,14.58498636,DLF
20-12-2013,6.263498248,14.54623625,DLF
23-12-2013,6.266625506,14.50748614,DLF
24-12-2013,6.269752764,14.46873602,DLF
26-12-2013,6.272880022,14.42998591,DLF
27-12-2013,6.276007281,14.3912358,DLF
30-12-2013,6.279134539,14.35248569,DLF
31-12-2013,6.282261797,14.31373558,DLF
01-01-2014,6.285389055,14.27498547,DLF
02-01-2014,6.288516313,14.23623535,DLF
03-01-2014,6.291643571,14.19748524,DLF
06-01-2014,6.29477083,14.15873513,DLF
07-01-2014,6.297898088,14.11998502,DLF
08-01-2014,6.301025346,14.08123491,DLF
09-01-2014,6.304152604,14.04248479,DLF
10-01-2014,6.307279862,14.00373468,DLF
13-01-2014,6.31040712,13.96498457,DLF
14-01-2014,6.313534379,13.92623446,DLF
15-01-2014,6.316661637,13.88748435,DLF
16-01-2014,6.319788895,13.84873424,DLF
17-01-2014,6.322916153,13.80998412,DLF
20-01-2014,6.326043411,13.77123401,DLF
21-01-2014,6.329170669,13.7324839,DLF
22-01-2014,6.332297928,13.69373379,DLF
23-01-2014,6.335425186,13.65498368,DLF
24-01-2014,6.338552444,13.61623356,DLF
27-01-2014,6.341679702,13.57748345,DLF
28-01-2014,6.34480696,13.53873334,DLF
29-01-2014,6.347934218,13.49998323,DLF
30-01-2014,6.351061477,13.46123312,DLF
31-01-2014,6.354188735,13.422483,DLF
03-02-2014,6.357315993,13.38373289,DLF
04-02-2014,6.360443251,13.34498278,DLF
05-02-2014,6.363570509,13.30623267,DLF
06-02-2014,6.366697767,13.26748256,DLF
07-02-2014,6.369825026,13.22873245,DLF
10-02-2014,6.372952284,13.18998233,DLF
11-02-2014,6.376079542,13.15123222,DLF
12-02-2014,6.3792068,13.11248211,DLF
13-02-2014,6.382334058,13.073732,DLF
14-02-2014,6.385461316,13.03498189,DLF
17-02-2014,6.388588574,12.99623177,DLF
18-02-2014,6.391715833,12.95748166,DLF
19-02-2014,6.394843091,12.91873155,DLF
20-02-2014,6.397970349,12.87998144,DLF
21-02-2014,6.401097607,12.84123133,DLF
24-02-2014,6.404224865,12.80248122,DLF
25-02-2014,6.407352123,12.7637311,DLF
26-02-2014,6.410479382,12.72498099,DLF
28-02-2014,6.41360664,12.68623088,DLF
03-03-2014,6.416733898,12.64748077,DLF
04-03-2014,6.419861156,12.60873066,DLF
05-03-2014,6.422988414,12.56998054,DLF
06-03-2014,6.426115672,12.53123043,DLF
07-03-2014,6.429242931,12.49248032,DLF
10-03-2014,6.432370189,12.45373021,DLF
11-03-2014,6.435497447,12.4149801,DLF
12-03-2014,6.438624705,12.37622999,DLF
13-03-2014,6.441751963,12.33747987,DLF
14-03-2014,6.444879221,12.29872976,DLF
18-03-2014,6.44800648,12.25997965,DLF
19-03-2014,6.451133738,12.22122954,DLF
20-03-2014,6.454260996,12.18247943,DLF
21-03-2014,6.457388254,12.14372931,DLF
22-03-2014,6.460515512,12.1049792,DLF
24-03-2014,6.46364277,12.06622909,DLF
25-03-2014,6.466770029,12.02747898,DLF
26-03-2014,6.469897287,11.98872887,DLF
27-03-2014,6.473024545,11.94997876,DLF
28-03-2014,6.476151803,11.91122864,DLF
31-03-2014,6.479279061,11.87247853,DLF
01-04-2014,6.482406319,11.83372842,DLF
02-04-2014,6.485533578,11.79497831,DLF
03-04-2014,6.488660836,11.7562282,DLF
04-04-2014,6.491788094,11.71747808,DLF
07-04-2014,6.494915352,11.67872797,DLF
09-04-2014,6.49804261,11.63997786,DLF
10-04-2014,6.501169868,11.60122775,DLF
11-04-2014,6.504297127,11.56247764,DLF
15-04-2014,6.507424385,11.52372752,DLF
16-04-2014,6.510551643,11.48497741,DLF
17-04-2014,6.513678901,11.4462273,DLF
21-04-2014,6.516806159,11.40747719,DLF
22-04-2014,6.519933417,11.36872708,DLF
23-04-2014,6.523060676,11.32997697,DLF
25-04-2014,6.526187934,11.29122685,DLF
28-04-2014,6.529315192,11.25247674,DLF
29-04-2014,6.53244245,11.21372663,DLF
30-04-2014,6.535569708,11.17497652,DLF
02-05-2014,6.538696966,11.13622641,DLF
05-05-2014,6.541824225,11.09747629,DLF
06-05-2014,6.544951483,11.05872618,DLF
07-05-2014,6.548078741,11.01997607,DLF
08-05-2014,6.551205999,10.98122596,DLF
09-05-2014,6.554333257,10.94247585,DLF
12-05-2014,6.557460515,10.90372574,DLF
13-05-2014,6.560587774,10.86497562,DLF
14-05-2014,6.563715032,10.82622551,DLF
15-05-2014,6.56684229,10.7874754,DLF
16-05-2014,6.569969548,10.74872529,DLF
19-05-2014,6.573096806,10.70997518,DLF
20-05-2014,6.576224064,10.67122506,DLF
21-05-2014,6.579351322,10.63247495,DLF
22-05-2014,6.582478581,10.59372484,DLF
23-05-2014,6.585605839,10.55497473,DLF
26-05-2014,6.588733097,10.51622462,DLF
27-05-2014,6.591860355,10.47747451,DLF
28-05-2014,6.594987613,10.43872439,DLF
29-05-2014,6.598114871,10.39997428,DLF
30-05-2014,6.60124213,10.36122417,DLF
02-06-2014,6.604369388,10.32247406,DLF
03-06-2014,6.607496646,10.28372395,DLF
04-06-2014,6.610623904,10.24497383,DLF
05-06-2014,6.613751162,10.20622372,DLF
06-06-2014,6.61687842,10.16747361,DLF
09-06-2014,6.620005679,10.1287235,DLF
10-06-2014,6.623132937,10.08997339,DLF
11-06-2014,6.626260195,10.05122328,DLF
12-06-2014,6.629387453,10.01247316,DLF
13-06-2014,6.632514711,9.973723052,DLF
16-06-2014,6.635641969,9.93497294,DLF
17-06-2014,6.638769228,9.896222828,DLF
18-06-2014,6.641896486,9.857472716,DLF
19-06-2014,6.645023744,9.818722604,DLF
20-06-2014,6.648151002,9.779972492,DLF
23-06-2014,6.65127826,9.741222381,DLF
24-06-2014,6.654405518,9.702472269,DLF
25-06-2014,6.657532777,9.663722157,DLF
26-06-2014,6.660660035,9.624972045,DLF
27-06-2014,6.663787293,9.586221933,DLF
30-06-2014,6.666914551,9.547471821,DLF
01-07-2014,6.670041809,9.50872171,DLF
02-07-2014,6.673169067,9.469971598,DLF
03-07-2014,6.676296326,9.431221486,DLF
04-07-2014,6.679423584,9.392471374,DLF
07-07-2014,6.682550842,9.353721262,DLF
08-07-2014,6.6856781,9.31497115,DLF
09-07-2014,6.688805358,9.276221039,DLF
10-07-2014,6.691932616,9.237470927,DLF
11-07-2014,6.695059875,9.198720815,DLF
14-07-2014,6.698187133,9.159970703,DLF
15-07-2014,6.701314391,9.121220591,DLF
16-07-2014,6.704441649,9.082470479,DLF
17-07-2014,6.707568907,9.043720368,DLF
18-07-2014,6.710696165,9.004970256,DLF
21-07-2014,6.713823424,8.966220144,DLF
22-07-2014,6.716950682,8.927470032,DLF
23-07-2014,6.72007794,8.88871992,DLF
24-07-2014,6.723205198,8.849969808,DLF
25-07-2014,6.726332456,8.811219697,DLF
28-07-2014,6.729459714,8.772469585,DLF
30-07-2014,6.732586973,8.733719473,DLF
31-07-2014,6.735714231,8.694969361,DLF
01-08-2014,6.738841489,8.656219249,DLF
04-08-2014,6.741968747,8.617469137,DLF
05-08-2014,6.745096005,8.578719025,DLF
06-08-2014,6.748223263,8.539968914,DLF
07-08-2014,6.751350521,8.501218802,DLF
08-08-2014,6.75447778,8.46246869,DLF
11-08-2014,6.757605038,8.423718578,DLF
12-08-2014,6.760732296,8.384968466,DLF
13-08-2014,6.763859554,8.346218354,DLF
14-08-2014,6.766986812,8.307468243,DLF
18-08-2014,6.77011407,8.268718131,DLF
19-08-2014,6.773241329,8.229968019,DLF
20-08-2014,6.776368587,8.191217907,DLF
21-08-2014,6.779495845,8.152467795,DLF
22-08-2014,6.782623103,8.113717683,DLF
25-08-2014,6.785750361,8.074967572,DLF
26-08-2014,6.788877619,8.03621746,DLF
27-08-2014,6.792004878,7.997467348,DLF
28-08-2014,6.795132136,7.958717236,DLF
01-09-2014,6.798259394,7.919967124,DLF
02-09-2014,6.801386652,7.881217012,DLF
03-09-2014,6.80451391,7.842466901,DLF
04-09-2014,6.807641168,7.803716789,DLF
05-09-2014,6.810768427,7.764966677,DLF
08-09-2014,6.813895685,7.726216565,DLF
09-09-2014,6.817022943,7.687466453,DLF
10-09-2014,6.820150201,7.648716341,DLF
11-09-2014,6.823277459,7.60996623,DLF
12-09-2014,6.826404717,7.571216118,DLF
15-09-2014,6.829531976,7.532466006,DLF
16-09-2014,6.832659234,7.493715894,DLF
17-09-2014,6.835786492,7.454965782,DLF
18-09-2014,6.83891375,7.41621567,DLF
19-09-2014,6.842041008,7.377465559,DLF
22-09-2014,6.845168266,7.338715447,DLF
23-09-2014,6.848295525,7.299965335,DLF
24-09-2014,6.851422783,7.261215223,DLF
25-09-2014,6.854550041,7.222465111,DLF
26-09-2014,6.857677299,7.183714999,DLF
29-09-2014,6.860804557,7.144964888,DLF
30-09-2014,6.863931815,7.106214776,DLF
01-10-2014,6.867059074,7.067464664,DLF
07-10-2014,6.870186332,7.028714552,DLF
08-10-2014,6.87331359,6.98996444,DLF
09-10-2014,6.876440848,6.951214328,DLF
10-10-2014,6.879568106,6.912464217,DLF
13-10-2014,6.882695364,6.873714105,DLF
14-10-2014,6.885822623,6.834963993,DLF
16-10-2014,6.888949881,6.796213881,DLF
17-10-2014,6.892077139,6.757463769,DLF
20-10-2014,6.895204397,6.718713657,DLF
21-10-2014,6.898331655,6.679963546,DLF
22-10-2014,6.901458913,6.641213434,DLF
23-10-2014,6.904586172,6.602463322,DLF
27-10-2014,6.90771343,6.56371321,DLF
28-10-2014,6.910840688,6.524963098,DLF
29-10-2014,6.913967946,6.486212986,DLF
30-10-2014,6.917095204,6.447462875,DLF
31-10-2014,6.920222462,6.408712763,DLF
03-11-2014,6.923349721,6.369962651,DLF
05-11-2014,6.926476979,6.331212539,DLF
07-11-2014,6.929604237,6.292462427,DLF
10-11-2014,6.932731495,6.253712315,DLF
11-11-2014,6.935858753,6.214962204,DLF
12-11-2014,6.938986011,6.176212092,DLF
13-11-2014,6.942113269,6.13746198,DLF
14-11-2014,6.945240528,6.098711868,DLF
17-11-2014,6.948367786,6.059961756,DLF
18-11-2014,6.951495044,6.021211644,DLF
19-11-2014,6.954622302,5.982461533,DLF
20-11-2014,6.95774956,5.943711421,DLF
21-11-2014,6.960876818,5.904961309,DLF
24-11-2014,6.964004077,5.866211197,DLF
25-11-2014,6.967131335,5.827461085,DLF
26-11-2014,6.970258593,5.788710973,DLF
27-11-2014,6.973385851,5.749960862,DLF
28-11-2014,6.976513109,5.71121075,DLF
01-12-2014,6.979640367,5.672460638,DLF
02-12-2014,6.982767626,5.633710526,DLF
03-12-2014,6.985894884,5.594960414,DLF
04-12-2014,6.989022142,5.556210302,DLF
05-12-2014,6.9921494,5.51746019,DLF
08-12-2014,6.995276658,5.478710079,DLF
09-12-2014,6.998403916,5.439959967,DLF
10-12-2014,7.001531175,5.401209855,DLF
11-12-2014,7.004658433,5.362459743,DLF
12-12-2014,7.007785691,5.323709631,DLF
15-12-2014,7.010912949,5.284959519,DLF
16-12-2014,7.014040207,5.246209408,DLF
17-12-2014,7.017167465,5.207459296,DLF
18-12-2014,7.020294724,5.168709184,DLF
19-12-2014,7.023421982,5.129959072,DLF
22-12-2014,7.02654924,5.09120896,DLF
23-12-2014,7.029676498,5.052458848,DLF
24-12-2014,7.032803756,5.013708737,DLF
26-12-2014,7.035931014,4.974958625,DLF
29-12-2014,7.039058273,4.936208513,DLF
30-12-2014,7.042185531,4.897458401,DLF
31-12-2014,7.045312789,4.858708289,DLF
01-01-2015,7.048440047,4.819958177,DLF
02-01-2015,7.051567305,4.781208066,DLF
05-01-2015,7.054694563,4.742457954,DLF
06-01-2015,7.057821822,4.703707842,DLF
07-01-2015,7.06094908,4.66495773,DLF
08-01-2015,7.064076338,4.626207618,DLF
09-01-2015,7.067203596,4.587457506,DLF
12-01-2015,7.070330854,4.548707395,DLF
13-01-2015,7.073458112,4.509957283,DLF
14-01-2015,7.076585371,4.471207171,DLF
15-01-2015,7.079712629,4.432457059,DLF
16-01-2015,7.082839887,4.393706947,DLF
19-01-2015,7.085967145,4.354956835,DLF
20-01-2015,7.089094403,4.316206724,DLF
21-01-2015,7.092221661,4.277456612,DLF
22-01-2015,7.09534892,4.2387065,DLF
23-01-2015,7.098476178,4.199956388,DLF
27-01-2015,7.101603436,4.161206276,DLF
28-01-2015,7.104730694,4.122456164,DLF
29-01-2015,7.107857952,4.083706053,DLF
30-01-2015,7.11098521,4.044955941,DLF
02-02-2015,7.114112468,4.006205829,DLF
03-02-2015,7.117239727,3.967455717,DLF
04-02-2015,7.120366985,3.928705605,DLF
05-02-2015,7.123494243,3.889955493,DLF
06-02-2015,7.126621501,3.851205382,DLF
09-02-2015,7.129748759,3.81245527,DLF
10-02-2015,7.132876017,3.773705158,DLF
11-02-2015,7.136003276,3.734955046,DLF
12-02-2015,7.139130534,3.696204934,DLF
13-02-2015,7.142257792,3.657454822,DLF
16-02-2015,7.14538505,3.618704711,DLF
18-02-2015,7.148512308,3.579954599,DLF
19-02-2015,7.151639566,3.541204487,DLF
20-02-2015,7.154766825,3.502454375,DLF
23-02-2015,7.157894083,3.463704263,DLF
24-02-2015,7.161021341,3.424954151,DLF
25-02-2015,7.164148599,3.38620404,DLF
26-02-2015,7.167275857,3.347453928,DLF
27-02-2015,7.170403115,3.308703816,DLF
28-02-2015,7.173530374,3.269953704,DLF
02-03-2015,7.176657632,3.231203592,DLF
03-03-2015,7.17978489,3.19245348,DLF
04-03-2015,7.182912148,3.153703369,DLF
05-03-2015,7.186039406,3.114953257,DLF
09-03-2015,7.189166664,3.076203145,DLF
10-03-2015,7.192293923,3.037453033,DLF
11-03-2015,7.195421181,2.998702921,DLF
12-03-2015,7.198548439,2.959952809,DLF
13-03-2015,7.201675697,2.921202698,DLF
16-03-2015,7.204802955,2.882452586,DLF
17-03-2015,7.207930213,2.843702474,DLF
18-03-2015,7.211057472,2.804952362,DLF
19-03-2015,7.21418473,2.76620225,DLF
20-03-2015,7.217311988,2.727452138,DLF
23-03-2015,7.220439246,2.688702027,DLF
24-03-2015,7.223566504,2.649951915,DLF
25-03-2015,7.226693762,2.611201803,DLF
26-03-2015,7.229821021,2.572451691,DLF
27-03-2015,7.232948279,2.533701579,DLF
30-03-2015,7.236075537,2.494951467,DLF
31-03-2015,7.239202795,2.456201355,DLF
01-04-2015,7.242330053,2.417451244,DLF
06-04-2015,7.245457311,2.378701132,DLF
07-04-2015,7.24858457,2.33995102,DLF
08-04-2015,7.251711828,2.301200908,DLF
09-04-2015,7.254839086,2.262450796,DLF
10-04-2015,7.257966344,2.223700684,DLF
13-04-2015,7.261093602,2.184950573,DLF
15-04-2015,7.26422086,2.146200461,DLF
16-04-2015,7.267348119,2.107450349,DLF
17-04-2015,7.270475377,2.068700237,DLF
20-04-2015,7.273602635,2.029950125,DLF
21-04-2015,7.276729893,1.991200013,DLF
22-04-2015,7.279857151,1.952449902,DLF
23-04-2015,7.282984409,1.91369979,DLF
24-04-2015,7.286111668,1.874949678,DLF
27-04-2015,7.289238926,1.836199566,DLF
28-04-2015,7.292366184,1.797449454,DLF
29-04-2015,7.295493442,1.758699342,DLF
30-04-2015,7.2986207,1.719949231,DLF
04-05-2015,7.301747958,1.681199119,DLF
05-05-2015,7.304875216,1.642449007,DLF
06-05-2015,7.308002475,1.603698895,DLF
07-05-2015,7.311129733,1.564948783,DLF
08-05-2015,7.314256991,1.526198671,DLF
11-05-2015,7.317384249,1.48744856,DLF
12-05-2015,7.320511507,1.448698448,DLF
13-05-2015,7.323638765,1.409948336,DLF
14-05-2015,7.326766024,1.371198224,DLF
15-05-2015,7.329893282,1.332448112,DLF
18-05-2015,7.33302054,1.293698,DLF
19-05-2015,7.336147798,1.254947889,DLF
20-05-2015,7.339275056,1.216197777,DLF
21-05-2015,7.342402314,1.177447665,DLF
22-05-2015,7.345529573,1.138697553,DLF
25-05-2015,7.348656831,1.099947441,DLF
26-05-2015,7.351784089,1.061197329,DLF
27-05-2015,7.354911347,1.022447218,DLF
28-05-2015,7.358038605,0.983697106,DLF
29-05-2015,7.361165863,0.944946994,DLF
01-06-2015,7.364293122,0.906196882,DLF
02-06-2015,7.36742038,0.86744677,DLF
03-06-2015,7.370547638,0.828696658,DLF
04-06-2015,7.373674896,0.789946547,DLF
05-06-2015,7.376802154,0.751196435,DLF
08-06-2015,7.379929412,0.712446323,DLF
09-06-2015,7.383056671,0.673696211,DLF
10-06-2015,7.386183929,0.634946099,DLF
11-06-2015,7.389311187,0.596195987,DLF
12-06-2015,7.392438445,0.557445876,DLF
15-06-2015,7.395565703,0.518695764,DLF
16-06-2015,7.398692961,0.479945652,DLF
17-06-2015,7.40182022,0.44119554,DLF
18-06-2015,7.404947478,0.402445428,DLF
19-06-2015,7.408074736,0.363695316,DLF
22-06-2015,7.411201994,0.324945205,DLF
23-06-2015,7.414329252,0.286195093,DLF
24-06-2015,7.41745651,0.247444981,DLF
25-06-2015,7.420583769,0.208694869,DLF
26-06-2015,7.423711027,0.169944757,DLF
29-06-2015,7.426838285,0.131194645,DLF
30-06-2015,7.429965543,0.092444534,DLF
01-07-2015,7.433092801,0.053694422,DLF
02-07-2015,7.436220059,0.01494431,DLF
03-07-2015,7.439347318,-0.023805802,DLF
06-07-2015,7.442474576,-0.062555914,DLF
07-07-2015,7.445601834,-0.101306026,DLF
08-07-2015,7.448729092,-0.140056137,DLF
09-07-2015,7.45185635,-0.178806249,DLF
10-07-2015,7.454983608,-0.217556361,DLF
13-07-2015,7.458110867,-0.256306473,DLF
14-07-2015,7.461238125,-0.295056585,DLF
15-07-2015,7.464365383,-0.333806697,DLF
16-07-2015,7.467492641,-0.372556808,DLF
17-07-2015,7.470619899,-0.41130692,DLF
20-07-2015,7.473747157,-0.450057032,DLF
21-07-2015,7.476874415,-0.488807144,DLF
22-07-2015,7.480001674,-0.527557256,DLF
23-07-2015,7.483128932,-0.566307368,DLF
24-07-2015,7.48625619,-0.60505748,DLF
27-07-2015,7.489383448,-0.643807591,DLF
28-07-2015,7.492510706,-0.682557703,DLF
29-07-2015,7.495637964,-0.721307815,DLF
30-07-2015,7.498765223,-0.760057927,DLF
31-07-2015,7.501892481,-0.798808039,DLF
03-08-2015,7.505019739,-0.837558151,DLF
04-08-2015,7.508146997,-0.876308262,DLF
05-08-2015,7.511274255,-0.915058374,DLF
06-08-2015,7.514401513,-0.953808486,DLF
07-08-2015,7.517528772,-0.992558598,DLF
10-08-2015,7.52065603,-1.03130871,DLF
11-08-2015,7.523783288,-1.070058822,DLF
12-08-2015,7.526910546,-1.108808933,DLF
13-08-2015,7.530037804,-1.147559045,DLF
14-08-2015,7.533165062,-1.186309157,DLF
17-08-2015,7.536292321,-1.225059269,DLF
18-08-2015,7.539419579,-1.263809381,DLF
19-08-2015,7.542546837,-1.302559493,DLF
20-08-2015,7.545674095,-1.341309604,DLF
21-08-2015,7.548801353,-1.380059716,DLF
24-08-2015,7.551928611,-1.418809828,DLF
25-08-2015,7.55505587,-1.45755994,DLF
26-08-2015,7.558183128,-1.496310052,DLF
27-08-2015,7.561310386,-1.535060164,DLF
28-08-2015,7.564437644,-1.573810275,DLF
31-08-2015,7.567564902,-1.612560387,DLF
01-09-2015,7.57069216,-1.651310499,DLF
02-09-2015,7.573819419,-1.690060611,DLF
03-09-2015,7.576946677,-1.728810723,DLF
04-09-2015,7.580073935,-1.767560835,DLF
07-09-2015,7.583201193,-1.806310946,DLF
08-09-2015,7.586328451,-1.845061058,DLF
09-09-2015,7.589455709,-1.88381117,DLF
10-09-2015,7.592582968,-1.922561282,DLF
11-09-2015,7.595710226,-1.961311394,DLF
14-09-2015,7.598837484,-2.000061506,DLF
15-09-2015,7.601964742,-2.038811617,DLF
16-09-2015,7.605092,-2.077561729,DLF
18-09-2015,7.608219258,-2.116311841,DLF
21-09-2015,7.611346517,-2.155061953,DLF
22-09-2015,7.614473775,-2.193812065,DLF
23-09-2015,7.617601033,-2.232562177,DLF
24-09-2015,7.620728291,-2.271312288,DLF
28-09-2015,7.623855549,-2.3100624,DLF
29-09-2015,7.626982807,-2.348812512,DLF
30-09-2015,7.630110066,-2.387562624,DLF
01-10-2015,7.633237324,-2.426312736,DLF
05-10-2015,7.636364582,-2.465062848,DLF
06-10-2015,7.63949184,-2.503812959,DLF
07-10-2015,7.642619098,-2.542563071,DLF
08-10-2015,7.645746356,-2.581313183,DLF
09-10-2015,7.648873615,-2.620063295,DLF
12-10-2015,7.652000873,-2.658813407,DLF
13-10-2015,7.655128131,-2.697563519,DLF
14-10-2015,7.658255389,-2.73631363,DLF
15-10-2015,7.661382647,-2.775063742,DLF
16-10-2015,7.664509905,-2.813813854,DLF
19-10-2015,7.667637163,-2.852563966,DLF
20-10-2015,7.670764422,-2.891314078,DLF
21-10-2015,7.67389168,-2.93006419,DLF
23-10-2015,7.677018938,-2.968814301,DLF
26-10-2015,7.680146196,-3.007564413,DLF
27-10-2015,7.683273454,-3.046314525,DLF
28-10-2015,7.686400712,-3.085064637,DLF
29-10-2015,7.689527971,-3.123814749,DLF
30-10-2015,7.692655229,-3.162564861,DLF
02-11-2015,7.695782487,-3.201314972,DLF
03-11-2015,7.698909745,-3.240065084,DLF
04-11-2015,7.702037003,-3.278815196,DLF
05-11-2015,7.705164261,-3.317565308,DLF
06-11-2015,7.70829152,-3.35631542,DLF
09-11-2015,7.711418778,-3.395065532,DLF
10-11-2015,7.714546036,-3.433815643,DLF
11-11-2015,7.717673294,-3.472565755,DLF
13-11-2015,7.720800552,-3.511315867,DLF
16-11-2015,7.72392781,-3.550065979,DLF
17-11-2015,7.727055069,-3.588816091,DLF
18-11-2015,7.730182327,-3.627566203,DLF
19-11-2015,7.733309585,-3.666316315,DLF
20-11-2015,7.736436843,-3.705066426,DLF
23-11-2015,7.739564101,-3.743816538,DLF
24-11-2015,7.742691359,-3.78256665,DLF
26-11-2015,7.745818618,-3.821316762,DLF
27-11-2015,7.748945876,-3.860066874,DLF
30-11-2015,7.752073134,-3.898816986,DLF
01-12-2015,7.755200392,-3.937567097,DLF
02-12-2015,7.75832765,-3.976317209,DLF
03-12-2015,7.761454908,-4.015067321,DLF
04-12-2015,7.764582167,-4.053817433,DLF
07-12-2015,7.767709425,-4.092567545,DLF
08-12-2015,7.770836683,-4.131317657,DLF
09-12-2015,7.773963941,-4.170067768,DLF
10-12-2015,7.777091199,-4.20881788,DLF
11-12-2015,7.780218457,-4.247567992,DLF
14-12-2015,7.783345716,-4.286318104,DLF
15-12-2015,7.786472974,-4.325068216,DLF
16-12-2015,7.789600232,-4.363818328,DLF
17-12-2015,7.79272749,-4.402568439,DLF
18-12-2015,7.795854748,-4.441318551,DLF
21-12-2015,7.798982006,-4.480068663,DLF
22-12-2015,7.802109265,-4.518818775,DLF
23-12-2015,7.805236523,-4.557568887,DLF
24-12-2015,7.808363781,-4.596318999,DLF
28-12-2015,7.811491039,-4.63506911,DLF
29-12-2015,7.814618297,-4.673819222,DLF
30-12-2015,7.817745555,-4.712569334,DLF
31-12-2015,7.820872814,-4.751319446,DLF
01-01-2016,7.824000072,-4.790069558,DLF
04-01-2016,7.82712733,-4.82881967,DLF
05-01-2016,7.830254588,-4.867569781,DLF
06-01-2016,7.833381846,-4.906319893,DLF
07-01-2016,7.836509104,-4.945070005,DLF
08-01-2016,7.839636362,-4.983820117,DLF
11-01-2016,7.842763621,-5.022570229,DLF
12-01-2016,7.845890879,-5.061320341,DLF
13-01-2016,7.849018137,-5.100070452,DLF
14-01-2016,7.852145395,-5.138820564,DLF
15-01-2016,7.855272653,-5.177570676,DLF
18-01-2016,7.858399911,-5.216320788,DLF
19-01-2016,7.86152717,-5.2550709,DLF
20-01-2016,7.864654428,-5.293821012,DLF
21-01-2016,7.867781686,-5.332571123,DLF
22-01-2016,7.870908944,-5.371321235,DLF
25-01-2016,7.874036202,-5.410071347,DLF
27-01-2016,7.87716346,-5.448821459,DLF
28-01-2016,7.880290719,-5.487571571,DLF
29-01-2016,7.883417977,-5.526321683,DLF
01-02-2016,7.886545235,-5.565071794,DLF
02-02-2016,7.889672493,-5.603821906,DLF
03-02-2016,7.892799751,-5.642572018,DLF
04-02-2016,7.895927009,-5.68132213,DLF
05-02-2016,7.899054268,-5.720072242,DLF
08-02-2016,7.902181526,-5.758822354,DLF
09-02-2016,7.905308784,-5.797572465,DLF
10-02-2016,7.908436042,-5.836322577,DLF
11-02-2016,7.9115633,-5.875072689,DLF
12-02-2016,7.914690558,-5.913822801,DLF
15-02-2016,7.917817817,-5.952572913,DLF
16-02-2016,7.920945075,-5.991323025,DLF
17-02-2016,7.924072333,-6.030073136,DLF
18-02-2016,7.927199591,-6.068823248,DLF
19-02-2016,7.930326849,-6.10757336,DLF
22-02-2016,7.933454107,-6.146323472,DLF
23-02-2016,7.936581366,-6.185073584,DLF
24-02-2016,7.939708624,-6.223823696,DLF
25-02-2016,7.942835882,-6.262573807,DLF
26-02-2016,7.94596314,-6.301323919,DLF
29-02-2016,7.949090398,-6.340074031,DLF
01-03-2016,7.952217656,-6.378824143,DLF
02-03-2016,7.955344915,-6.417574255,DLF
03-03-2016,7.958472173,-6.456324367,DLF
04-03-2016,7.961599431,-6.495074478,DLF
08-03-2016,7.964726689,-6.53382459,DLF
09-03-2016,7.967853947,-6.572574702,DLF
10-03-2016,7.970981205,-6.611324814,DLF
11-03-2016,7.974108464,-6.650074926,DLF
14-03-2016,7.977235722,-6.688825038,DLF
15-03-2016,7.98036298,-6.72757515,DLF
16-03-2016,7.983490238,-6.766325261,DLF
17-03-2016,7.986617496,-6.805075373,DLF
18-03-2016,7.989744754,-6.843825485,DLF
21-03-2016,7.992872013,-6.882575597,DLF
22-03-2016,7.995999271,-6.921325709,DLF
23-03-2016,7.999126529,-6.960075821,DLF
28-03-2016,8.002253787,-6.998825932,DLF
29-03-2016,8.005381045,-7.037576044,DLF
30-03-2016,8.008508303,-7.076326156,DLF
31-03-2016,8.011635562,-7.115076268,DLF
01-04-2016,8.01476282,-7.15382638,DLF
04-04-2016,8.017890078,-7.192576492,DLF
05-04-2016,8.021017336,-7.231326603,DLF
06-04-2016,8.024144594,-7.270076715,DLF
07-04-2016,8.027271852,-7.308826827,DLF
08-04-2016,8.03039911,-7.347576939,DLF
11-04-2016,8.033526369,-7.386327051,DLF
12-04-2016,8.036653627,-7.425077163,DLF
13-04-2016,8.039780885,-7.463827274,DLF
18-04-2016,8.042908143,-7.502577386,DLF
20-04-2016,8.046035401,-7.541327498,DLF
21-04-2016,8.049162659,-7.58007761,DLF
22-04-2016,8.052289918,-7.618827722,DLF
25-04-2016,8.055417176,-7.657577834,DLF
26-04-2016,8.058544434,-7.696327945,DLF
27-04-2016,8.061671692,-7.735078057,DLF
28-04-2016,8.06479895,-7.773828169,DLF
29-04-2016,8.067926208,-7.812578281,DLF
02-05-2016,8.071053467,-7.851328393,DLF
03-05-2016,8.074180725,-7.890078505,DLF
04-05-2016,8.077307983,-7.928828616,DLF
05-05-2016,8.080435241,-7.967578728,DLF
06-05-2016,8.083562499,-8.00632884,DLF
09-05-2016,8.086689757,-8.045078952,DLF
10-05-2016,8.089817016,-8.083829064,DLF
11-05-2016,8.092944274,-8.122579176,DLF
12-05-2016,8.096071532,-8.161329287,DLF
13-05-2016,8.09919879,-8.200079399,DLF
16-05-2016,8.102326048,-8.238829511,DLF
17-05-2016,8.105453306,-8.277579623,DLF
18-05-2016,8.108580565,-8.316329735,DLF
19-05-2016,8.111707823,-8.355079847,DLF
20-05-2016,8.114835081,-8.393829958,DLF
23-05-2016,8.117962339,-8.43258007,DLF
24-05-2016,8.121089597,-8.471330182,DLF
25-05-2016,8.124216855,-8.510080294,DLF
26-05-2016,8.127344114,-8.548830406,DLF
27-05-2016,8.130471372,-8.587580518,DLF
30-05-2016,8.13359863,-8.626330629,DLF
31-05-2016,8.136725888,-8.665080741,DLF
01-06-2016,8.139853146,-8.703830853,DLF
02-06-2016,8.142980404,-8.742580965,DLF
03-06-2016,8.146107663,-8.781331077,DLF
06-06-2016,8.149234921,-8.820081189,DLF
07-06-2016,8.152362179,-8.8588313,DLF
08-06-2016,8.155489437,-8.897581412,DLF
09-06-2016,8.158616695,-8.936331524,DLF
10-06-2016,8.161743953,-8.975081636,DLF
13-06-2016,8.164871212,-9.013831748,DLF
14-06-2016,8.16799847,-9.05258186,DLF
15-06-2016,8.171125728,-9.091331971,DLF
16-06-2016,8.174252986,-9.130082083,DLF
17-06-2016,8.177380244,-9.168832195,DLF
20-06-2016,8.180507502,-9.207582307,DLF
21-06-2016,8.183634761,-9.246332419,DLF
22-06-2016,8.186762019,-9.285082531,DLF
23-06-2016,8.189889277,-9.323832642,DLF
24-06-2016,8.193016535,-9.362582754,DLF
27-06-2016,8.196143793,-9.401332866,DLF
28-06-2016,8.199271051,-9.440082978,DLF
29-06-2016,8.202398309,-9.47883309,DLF
30-06-2016,8.205525568,-9.517583202,DLF
01-07-2016,8.208652826,-9.556333313,DLF
04-07-2016,8.211780084,-9.595083425,DLF
05-07-2016,8.214907342,-9.633833537,DLF
07-07-2016,8.2180346,-9.672583649,DLF
08-07-2016,8.221161858,-9.711333761,DLF
11-07-2016,8.224289117,-9.750083873,DLF
12-07-2016,8.227416375,-9.788833985,DLF
13-07-2016,8.230543633,-9.827584096,DLF
14-07-2016,8.233670891,-9.866334208,DLF
15-07-2016,8.236798149,-9.90508432,DLF
18-07-2016,8.239925407,-9.943834432,DLF
19-07-2016,8.243052666,-9.982584544,DLF
20-07-2016,8.246179924,-10.02133466,DLF
21-07-2016,8.249307182,-10.06008477,DLF
22-07-2016,8.25243444,-10.09883488,DLF
25-07-2016,8.255561698,-10.13758499,DLF
26-07-2016,8.258688956,-10.1763351,DLF
27-07-2016,8.261816215,-10.21508521,DLF
28-07-2016,8.264943473,-10.25383533,DLF
29-07-2016,8.268070731,-10.29258544,DLF
01-08-2016,8.271197989,-10.33133555,DLF
02-08-2016,8.274325247,-10.37008566,DLF
03-08-2016,8.277452505,-10.40883577,DLF
04-08-2016,8.280579764,-10.44758589,DLF
05-08-2016,8.283707022,-10.486336,DLF
08-08-2016,8.28683428,-10.52508611,DLF
09-08-2016,8.289961538,-10.56383622,DLF
10-08-2016,8.293088796,-10.60258633,DLF
11-08-2016,8.296216054,-10.64133644,DLF
12-08-2016,8.299343313,-10.68008656,DLF
16-08-2016,8.302470571,-10.71883667,DLF
17-08-2016,8.305597829,-10.75758678,DLF
18-08-2016,8.308725087,-10.79633689,DLF
19-08-2016,8.311852345,-10.835087,DLF
22-08-2016,8.314979603,-10.87383712,DLF
23-08-2016,8.318106862,-10.91258723,DLF
24-08-2016,8.32123412,-10.95133734,DLF
25-08-2016,8.324361378,-10.99008745,DLF
26-08-2016,8.327488636,-11.02883756,DLF
29-08-2016,8.330615894,-11.06758768,DLF
30-08-2016,8.333743152,-11.10633779,DLF
31-08-2016,8.336870411,-11.1450879,DLF
01-09-2016,8.339997669,-11.18383801,DLF
02-09-2016,8.343124927,-11.22258812,DLF
06-09-2016,8.346252185,-11.26133823,DLF
07-09-2016,8.349379443,-11.30008835,DLF
08-09-2016,8.352506701,-11.33883846,DLF
09-09-2016,8.35563396,-11.37758857,DLF
12-09-2016,8.358761218,-11.41633868,DLF
14-09-2016,8.361888476,-11.45508879,DLF
15-09-2016,8.365015734,-11.49383891,DLF
16-09-2016,8.368142992,-11.53258902,DLF
19-09-2016,8.37127025,-11.57133913,DLF
20-09-2016,8.374397509,-11.61008924,DLF
21-09-2016,8.377524767,-11.64883935,DLF
22-09-2016,8.380652025,-11.68758946,DLF
23-09-2016,8.383779283,-11.72633958,DLF
26-09-2016,8.386906541,-11.76508969,DLF
27-09-2016,8.390033799,-11.8038398,DLF
28-09-2016,8.393161057,-11.84258991,DLF
29-09-2016,8.396288316,-11.88134002,DLF
30-09-2016,8.399415574,-11.92009014,DLF
03-10-2016,8.402542832,-11.95884025,DLF
04-10-2016,8.40567009,-11.99759036,DLF
05-10-2016,8.408797348,-12.03634047,DLF
06-10-2016,8.411924606,-12.07509058,DLF
07-10-2016,8.415051865,-12.11384069,DLF
10-10-2016,8.418179123,-12.15259081,DLF
13-10-2016,8.421306381,-12.19134092,DLF
14-10-2016,8.424433639,-12.23009103,DLF
17-10-2016,8.427560897,-12.26884114,DLF
18-10-2016,8.430688155,-12.30759125,DLF
19-10-2016,8.433815414,-12.34634137,DLF
20-10-2016,8.436942672,-12.38509148,DLF
21-10-2016,8.44006993,-12.42384159,DLF
24-10-2016,8.443197188,-12.4625917,DLF
25-10-2016,8.446324446,-12.50134181,DLF
26-10-2016,8.449451704,-12.54009192,DLF
27-10-2016,8.452578963,-12.57884204,DLF
28-10-2016,8.455706221,-12.61759215,DLF
30-10-2016,8.458833479,-12.65634226,DLF
01-11-2016,8.461960737,-12.69509237,DLF
02-11-2016,8.465087995,-12.73384248,DLF
03-11-2016,8.468215253,-12.7725926,DLF
04-11-2016,8.471342512,-12.81134271,DLF
07-11-2016,8.47446977,-12.85009282,DLF
08-11-2016,8.477597028,-12.88884293,DLF
09-11-2016,8.480724286,-12.92759304,DLF
10-11-2016,8.483851544,-12.96634316,DLF
11-11-2016,8.486978802,-13.00509327,DLF
15-11-2016,8.490106061,-13.04384338,DLF
16-11-2016,8.493233319,-13.08259349,DLF
17-11-2016,8.496360577,-13.1213436,DLF
18-11-2016,8.499487835,-13.16009371,DLF
21-11-2016,8.502615093,-13.19884383,DLF
22-11-2016,8.505742351,-13.23759394,DLF
23-11-2016,8.50886961,-13.27634405,DLF
24-11-2016,8.511996868,-13.31509416,DLF
25-11-2016,8.515124126,-13.35384427,DLF
28-11-2016,8.518251384,-13.39259439,DLF
29-11-2016,8.521378642,-13.4313445,DLF
30-11-2016,8.5245059,-13.47009461,DLF
01-12-2016,8.527633159,-13.50884472,DLF
02-12-2016,8.530760417,-13.54759483,DLF
05-12-2016,8.533887675,-13.58634494,DLF
06-12-2016,8.537014933,-13.62509506,DLF
07-12-2016,8.540142191,-13.66384517,DLF
08-12-2016,8.543269449,-13.70259528,DLF
09-12-2016,8.546396708,-13.74134539,DLF
12-12-2016,8.549523966,-13.7800955,DLF
13-12-2016,8.552651224,-13.81884562,DLF
14-12-2016,8.555778482,-13.85759573,DLF
15-12-2016,8.55890574,-13.89634584,DLF
16-12-2016,8.562032998,-13.93509595,DLF
19-12-2016,8.565160256,-13.97384606,DLF
20-12-2016,8.568287515,-14.01259617,DLF
21-12-2016,8.571414773,-14.05134629,DLF
22-12-2016,8.574542031,-14.0900964,DLF
23-12-2016,8.577669289,-14.12884651,DLF
26-12-2016,8.580796547,-14.16759662,DLF
27-12-2016,8.583923805,-14.20634673,DLF
28-12-2016,8.587051064,-14.24509685,DLF
29-12-2016,8.590178322,-14.28384696,DLF
30-12-2016,8.59330558,-14.32259707,DLF
02-01-2017,8.596432838,-14.36134718,DLF
03-01-2017,8.599560096,-14.40009729,DLF
04-01-2017,8.602687354,-14.4388474,DLF
05-01-2017,8.605814613,-14.47759752,DLF
06-01-2017,8.608941871,-14.51634763,DLF
09-01-2017,8.612069129,-14.55509774,DLF
10-01-2017,8.615196387,-14.59384785,DLF
11-01-2017,8.618323645,-14.63259796,DLF
12-01-2017,8.621450903,-14.67134808,DLF
13-01-2017,8.624578162,-14.71009819,DLF
16-01-2017,8.62770542,-14.7488483,DLF
17-01-2017,8.630832678,-14.78759841,DLF
18-01-2017,8.633959936,-14.82634852,DLF
19-01-2017,8.637087194,-14.86509863,DLF
20-01-2017,8.640214452,-14.90384875,DLF
23-01-2017,8.643341711,-14.94259886,DLF
24-01-2017,8.646468969,-14.98134897,DLF
25-01-2017,8.649596227,-15.02009908,DLF
27-01-2017,8.652723485,-15.05884919,DLF
30-01-2017,8.655850743,-15.09759931,DLF
31-01-2017,8.658978001,-15.13634942,DLF
01-02-2017,8.66210526,-15.17509953,DLF
02-02-2017,8.665232518,-15.21384964,DLF
03-02-2017,8.668359776,-15.25259975,DLF
06-02-2017,8.671487034,-15.29134987,DLF
07-02-2017,8.674614292,-15.33009998,DLF
08-02-2017,8.67774155,-15.36885009,DLF
09-02-2017,8.680868809,-15.4076002,DLF
10-02-2017,8.683996067,-15.44635031,DLF
13-02-2017,8.687123325,-15.48510042,DLF
14-02-2017,8.690250583,-15.52385054,DLF
15-02-2017,8.693377841,-15.56260065,DLF
16-02-2017,8.696505099,-15.60135076,DLF
17-02-2017,8.699632358,-15.64010087,DLF
20-02-2017,8.702759616,-15.67885098,DLF
21-02-2017,8.705886874,-15.7176011,DLF
22-02-2017,8.709014132,-15.75635121,DLF
23-02-2017,8.71214139,-15.79510132,DLF
27-02-2017,8.715268648,-15.83385143,DLF
28-02-2017,8.718395907,-15.87260154,DLF
01-03-2017,8.721523165,-15.91135165,DLF
02-03-2017,8.724650423,-15.95010177,DLF
03-03-2017,8.727777681,-15.98885188,DLF
06-03-2017,8.730904939,-16.02760199,DLF
07-03-2017,8.734032197,-16.0663521,DLF
08-03-2017,8.737159456,-16.10510221,DLF
09-03-2017,8.740286714,-16.14385233,DLF
10-03-2017,8.743413972,-16.18260244,DLF
23-09-2013,8.74654123,-16.22135255,DLF
24-09-2013,8.749668488,-16.26010266,DLF
25-09-2013,8.752795746,-16.29885277,DLF
26-09-2013,8.755923004,-16.33760288,DLF
27-09-2013,8.759050263,-16.376353,DLF
30-09-2013,8.762177521,-16.41510311,DLF
01-10-2013,8.765304779,-16.45385322,DLF
03-10-2013,8.768432037,-16.49260333,DLF
04-10-2013,8.771559295,-16.53135344,DLF
07-10-2013,8.774686553,-16.57010356,DLF
08-10-2013,8.777813812,-16.60885367,DLF
09-10-2013,8.78094107,-16.64760378,DLF
10-10-2013,8.784068328,-16.68635389,DLF
11-10-2013,8.787195586,-16.725104,DLF
14-10-2013,8.790322844,-16.76385411,DLF
15-10-2013,8.793450102,-16.80260423,DLF
17-10-2013,8.796577361,-16.84135434,DLF
18-10-2013,8.799704619,-16.88010445,DLF
21-10-2013,8.802831877,-16.91885456,DLF
22-10-2013,8.805959135,-16.95760467,DLF
23-10-2013,8.809086393,-16.99635479,DLF
24-10-2013,8.812213651,-17.0351049,DLF
25-10-2013,8.81534091,-17.07385501,DLF
28-10-2013,8.818468168,-17.11260512,DLF
29-10-2013,8.821595426,-17.15135523,DLF
30-10-2013,8.824722684,-17.19010535,DLF
31-10-2013,8.827849942,-17.22885546,DLF
01-11-2013,8.8309772,-17.26760557,DLF
03-11-2013,8.834104459,-17.30635568,DLF
05-11-2013,8.837231717,-17.34510579,DLF
06-11-2013,8.840358975,-17.3838559,DLF
07-11-2013,8.843486233,-17.42260602,DLF
08-11-2013,8.846613491,-17.46135613,DLF
11-11-2013,8.849740749,-17.50010624,DLF
12-11-2013,8.852868008,-17.53885635,DLF
13-11-2013,8.855995266,-17.57760646,DLF
14-11-2013,8.859122524,-17.61635658,DLF
18-11-2013,8.862249782,-17.65510669,DLF
19-11-2013,8.86537704,-17.6938568,DLF
20-11-2013,8.868504298,-17.73260691,DLF
21-11-2013,8.871631557,-17.77135702,DLF
22-11-2013,8.874758815,-17.81010713,DLF
25-11-2013,8.877886073,-17.84885725,DLF
26-11-2013,8.881013331,-17.88760736,DLF
27-11-2013,8.884140589,-17.92635747,DLF
28-11-2013,8.887267847,-17.96510758,DLF
29-11-2013,8.890395106,-18.00385769,DLF
02-12-2013,8.893522364,-18.04260781,DLF
03-12-2013,8.896649622,-18.08135792,DLF
04-12-2013,8.89977688,-18.12010803,DLF
05-12-2013,8.902904138,-18.15885814,DLF
06-12-2013,8.906031396,-18.19760825,DLF
09-12-2013,8.909158655,-18.23635836,DLF
10-12-2013,8.912285913,-18.27510848,DLF
11-12-2013,8.915413171,-18.31385859,DLF
12-12-2013,8.918540429,-18.3526087,DLF
13-12-2013,8.921667687,-18.39135881,DLF
16-12-2013,8.924794945,-18.43010892,DLF
17-12-2013,8.927922203,-18.46885904,DLF
18-12-2013,8.931049462,-18.50760915,DLF
19-12-2013,8.93417672,-18.54635926,DLF
20-12-2013,8.937303978,-18.58510937,DLF
23-12-2013,8.940431236,-18.62385948,DLF
24-12-2013,8.943558494,-18.66260959,DLF
26-12-2013,8.946685752,-18.70135971,DLF
27-12-2013,8.949813011,-18.74010982,DLF
30-12-2013,8.952940269,-18.77885993,DLF
31-12-2013,8.956067527,-18.81761004,DLF
01-01-2014,8.959194785,-18.85636015,DLF
02-01-2014,8.962322043,-18.89511027,DLF
03-01-2014,8.965449301,-18.93386038,DLF
06-01-2014,8.96857656,-18.97261049,DLF
07-01-2014,8.971703818,-19.0113606,DLF
08-01-2014,8.974831076,-19.05011071,DLF
09-01-2014,8.977958334,-19.08886083,DLF
10-01-2014,8.981085592,-19.12761094,DLF
13-01-2014,8.98421285,-19.16636105,DLF
14-01-2014,8.987340109,-19.20511116,DLF
15-01-2014,8.990467367,-19.24386127,DLF
16-01-2014,8.993594625,-19.28261138,DLF
17-01-2014,8.996721883,-19.3213615,DLF
20-01-2014,8.999849141,-19.36011161,DLF
21-01-2014,9.002976399,-19.39886172,DLF
22-01-2014,9.006103658,-19.43761183,DLF
23-01-2014,9.009230916,-19.47636194,DLF
24-01-2014,9.012358174,-19.51511206,DLF
27-01-2014,9.015485432,-19.55386217,DLF
28-01-2014,9.01861269,-19.59261228,DLF
29-01-2014,9.021739948,-19.63136239,DLF
30-01-2014,9.024867207,-19.6701125,DLF
31-01-2014,9.027994465,-19.70886261,DLF
03-02-2014,9.031121723,-19.74761273,DLF
04-02-2014,9.034248981,-19.78636284,DLF
05-02-2014,9.037376239,-19.82511295,DLF
06-02-2014,9.040503497,-19.86386306,DLF
07-02-2014,9.043630756,-19.90261317,DLF
10-02-2014,9.046758014,-19.94136329,DLF
11-02-2014,9.049885272,-19.9801134,DLF
12-02-2014,9.05301253,-20.01886351,DLF
13-02-2014,9.056139788,-20.05761362,DLF
14-02-2014,9.059267046,-20.09636373,DLF
17-02-2014,9.062394305,-20.13511384,DLF
18-02-2014,9.065521563,-20.17386396,DLF
19-02-2014,9.068648821,-20.21261407,DLF
20-02-2014,9.071776079,-20.25136418,DLF
21-02-2014,9.074903337,-20.29011429,DLF
24-02-2014,9.078030595,-20.3288644,DLF
25-02-2014,9.081157854,-20.36761452,DLF
26-02-2014,9.084285112,-20.40636463,DLF
28-02-2014,9.08741237,-20.44511474,DLF
03-03-2014,9.090539628,-20.48386485,DLF
04-03-2014,9.093666886,-20.52261496,DLF
05-03-2014,9.096794144,-20.56136507,DLF
06-03-2014,9.099921403,-20.60011519,DLF
07-03-2014,9.103048661,-20.6388653,DLF
10-03-2014,9.106175919,-20.67761541,DLF
11-03-2014,9.109303177,-20.71636552,DLF
12-03-2014,9.112430435,-20.75511563,DLF
13-03-2014,9.115557693,-20.79386575,DLF
14-03-2014,9.118684951,-20.83261586,DLF
18-03-2014,9.12181221,-20.87136597,DLF
19-03-2014,9.124939468,-20.91011608,DLF
20-03-2014,9.128066726,-20.94886619,DLF
21-03-2014,9.131193984,-20.9876163,DLF
22-03-2014,9.134321242,-21.02636642,DLF
24-03-2014,9.1374485,-21.06511653,DLF
25-03-2014,9.140575759,-21.10386664,DLF
26-03-2014,9.143703017,-21.14261675,DLF
27-03-2014,9.146830275,-21.18136686,DLF
28-03-2014,9.149957533,-21.22011698,DLF
31-03-2014,9.153084791,-21.25886709,DLF
01-04-2014,9.156212049,-21.2976172,DLF
02-04-2014,9.159339308,-21.33636731,DLF
03-04-2014,9.162466566,-21.37511742,DLF
04-04-2014,9.165593824,-21.41386754,DLF
07-04-2014,9.168721082,-21.45261765,DLF
09-04-2014,9.17184834,-21.49136776,DLF
10-04-2014,9.174975598,-21.53011787,DLF
11-04-2014,9.178102857,-21.56886798,DLF
15-04-2014,9.181230115,-21.60761809,DLF
16-04-2014,9.184357373,-21.64636821,DLF
17-04-2014,9.187484631,-21.68511832,DLF
21-04-2014,9.190611889,-21.72386843,DLF
22-04-2014,9.193739147,-21.76261854,DLF
23-04-2014,9.196866406,-21.80136865,DLF
25-04-2014,9.199993664,-21.84011877,DLF
28-04-2014,9.203120922,-21.87886888,DLF
29-04-2014,9.20624818,-21.91761899,DLF
30-04-2014,9.209375438,-21.9563691,DLF
02-05-2014,9.212502696,-21.99511921,DLF
05-05-2014,9.215629955,-22.03386932,DLF
06-05-2014,9.218757213,-22.07261944,DLF
07-05-2014,9.221884471,-22.11136955,DLF
08-05-2014,9.225011729,-22.15011966,DLF
09-05-2014,9.228138987,-22.18886977,DLF
12-05-2014,9.231266245,-22.22761988,DLF
13-05-2014,9.234393504,-22.26637,DLF
14-05-2014,9.237520762,-22.30512011,DLF
15-05-2014,9.24064802,-22.34387022,DLF
16-05-2014,9.243775278,-22.38262033,DLF
19-05-2014,9.246902536,-22.42137044,DLF
20-05-2014,9.250029794,-22.46012055,DLF
21-05-2014,9.253157053,-22.49887067,DLF
22-05-2014,9.256284311,-22.53762078,DLF
23-05-2014,9.259411569,-22.57637089,DLF
26-05-2014,9.262538827,-22.615121,DLF
27-05-2014,9.265666085,-22.65387111,DLF
28-05-2014,9.268793343,-22.69262123,DLF
29-05-2014,9.271920602,-22.73137134,DLF
30-05-2014,9.27504786,-22.77012145,DLF
02-06-2014,9.278175118,-22.80887156,DLF
03-06-2014,9.281302376,-22.84762167,DLF
04-06-2014,9.284429634,-22.88637178,DLF
05-06-2014,9.287556892,-22.9251219,DLF
06-06-2014,9.29068415,-22.96387201,DLF
09-06-2014,9.293811409,-23.00262212,DLF
10-06-2014,9.296938667,-23.04137223,DLF
11-06-2014,9.300065925,-23.08012234,DLF
12-06-2014,9.303193183,-23.11887246,DLF
13-06-2014,9.306320441,-23.15762257,DLF
16-06-2014,9.309447699,-23.19637268,DLF
17-06-2014,9.312574958,-23.23512279,DLF
18-06-2014,9.315702216,-23.2738729,DLF
19-06-2014,9.318829474,-23.31262302,DLF
20-06-2014,9.321956732,-23.35137313,DLF
23-06-2014,9.32508399,-23.39012324,DLF
24-06-2014,9.328211248,-23.42887335,DLF
25-06-2014,9.331338507,-23.46762346,DLF
26-06-2014,9.334465765,-23.50637357,DLF
27-06-2014,9.337593023,-23.54512369,DLF
30-06-2014,9.340720281,-23.5838738,DLF
01-07-2014,9.343847539,-23.62262391,DLF
02-07-2014,9.346974797,-23.66137402,DLF
03-07-2014,9.350102056,-23.70012413,DLF
04-07-2014,9.353229314,-23.73887425,DLF
07-07-2014,9.356356572,-23.77762436,DLF
08-07-2014,9.35948383,-23.81637447,DLF
09-07-2014,9.362611088,-23.85512458,DLF
10-07-2014,9.365738346,-23.89387469,DLF
11-07-2014,9.368865605,-23.9326248,DLF
14-07-2014,9.371992863,-23.97137492,DLF
15-07-2014,9.375120121,-24.01012503,DLF
16-07-2014,9.378247379,-24.04887514,DLF
17-07-2014,9.381374637,-24.08762525,DLF
18-07-2014,9.384501895,-24.12637536,DLF
21-07-2014,9.387629154,-24.16512548,DLF
22-07-2014,9.390756412,-24.20387559,DLF
23-07-2014,9.39388367,-24.2426257,DLF
24-07-2014,9.397010928,-24.28137581,DLF
25-07-2014,9.400138186,-24.32012592,DLF
28-07-2014,9.403265444,-24.35887603,DLF
30-07-2014,9.406392703,-24.39762615,DLF
31-07-2014,9.409519961,-24.43637626,DLF
01-08-2014,9.412647219,-24.47512637,DLF
04-08-2014,9.415774477,-24.51387648,DLF
05-08-2014,9.418901735,-24.55262659,DLF
06-08-2014,9.422028993,-24.59137671,DLF
07-08-2014,9.425156252,-24.63012682,DLF
08-08-2014,9.42828351,-24.66887693,DLF
11-08-2014,9.431410768,-24.70762704,DLF
12-08-2014,9.434538026,-24.74637715,DLF
13-08-2014,9.437665284,-24.78512726,DLF
14-08-2014,9.440792542,-24.82387738,DLF
18-08-2014,9.443919801,-24.86262749,DLF
19-08-2014,9.447047059,-24.9013776,DLF
20-08-2014,9.450174317,-24.94012771,DLF
21-08-2014,9.453301575,-24.97887782,DLF
22-08-2014,9.456428833,-25.01762794,DLF
25-08-2014,9.459556091,-25.05637805,DLF
26-08-2014,9.46268335,-25.09512816,DLF
27-08-2014,9.465810608,-25.13387827,DLF
28-08-2014,9.468937866,-25.17262838,DLF
01-09-2014,9.472065124,-25.2113785,DLF
02-09-2014,9.475192382,-25.25012861,DLF
03-09-2014,9.47831964,-25.28887872,DLF
04-09-2014,9.481446898,-25.32762883,DLF
05-09-2014,9.484574157,-25.36637894,DLF
08-09-2014,9.487701415,-25.40512905,DLF
09-09-2014,9.490828673,-25.44387917,DLF
10-09-2014,9.493955931,-25.48262928,DLF
11-09-2014,9.497083189,-25.52137939,DLF
12-09-2014,9.500210447,-25.5601295,DLF
15-09-2014,9.503337706,-25.59887961,DLF
16-09-2014,9.506464964,-25.63762973,DLF
17-09-2014,9.509592222,-25.67637984,DLF
18-09-2014,9.51271948,-25.71512995,DLF
19-09-2014,9.515846738,-25.75388006,DLF
22-09-2014,9.518973996,-25.79263017,DLF
23-09-2014,9.522101255,-25.83138028,DLF
24-09-2014,9.525228513,-25.8701304,DLF
25-09-2014,9.528355771,-25.90888051,DLF
26-09-2014,9.531483029,-25.94763062,DLF
29-09-2014,9.534610287,-25.98638073,DLF
30-09-2014,9.537737545,-26.02513084,DLF
01-10-2014,9.540864804,-26.06388096,DLF
07-10-2014,9.543992062,-26.10263107,DLF
08-10-2014,9.54711932,-26.14138118,DLF
09-10-2014,9.550246578,-26.18013129,DLF
10-10-2014,9.553373836,-26.2188814,DLF
13-10-2014,9.556501094,-26.25763151,DLF
14-10-2014,9.559628353,-26.29638163,DLF
16-10-2014,9.562755611,-26.33513174,DLF
17-10-2014,9.565882869,-26.37388185,DLF
20-10-2014,9.569010127,-26.41263196,DLF
21-10-2014,9.572137385,-26.45138207,DLF
22-10-2014,9.575264643,-26.49013219,DLF
23-10-2014,9.578391902,-26.5288823,DLF
27-10-2014,9.58151916,-26.56763241,DLF
28-10-2014,9.584646418,-26.60638252,DLF
29-10-2014,9.587773676,-26.64513263,DLF
30-10-2014,9.590900934,-26.68388274,DLF
31-10-2014,9.594028192,-26.72263286,DLF
03-11-2014,9.597155451,-26.76138297,DLF
05-11-2014,9.600282709,-26.80013308,DLF
07-11-2014,9.603409967,-26.83888319,DLF
10-11-2014,9.606537225,-26.8776333,DLF
11-11-2014,9.609664483,-26.91638342,DLF
12-11-2014,9.612791741,-26.95513353,DLF
13-11-2014,9.615919,-26.99388364,DLF
14-11-2014,9.619046258,-27.03263375,DLF
17-11-2014,9.622173516,-27.07138386,DLF
18-11-2014,9.625300774,-27.11013397,DLF
19-11-2014,9.628428032,-27.14888409,DLF
20-11-2014,9.63155529,-27.1876342,DLF
21-11-2014,9.634682549,-27.22638431,DLF
24-11-2014,9.637809807,-27.26513442,DLF
25-11-2014,9.640937065,-27.30388453,DLF
26-11-2014,9.644064323,-27.34263465,DLF
27-11-2014,9.647191581,-27.38138476,DLF
28-11-2014,9.650318839,-27.42013487,DLF
01-12-2014,9.653446097,-27.45888498,DLF
02-12-2014,9.656573356,-27.49763509,DLF
03-12-2014,9.659700614,-27.53638521,DLF
04-12-2014,9.662827872,-27.57513532,DLF
05-12-2014,9.66595513,-27.61388543,DLF
08-12-2014,9.669082388,-27.65263554,DLF
09-12-2014,9.672209646,-27.69138565,DLF
10-12-2014,9.675336905,-27.73013576,DLF
11-12-2014,9.678464163,-27.76888588,DLF
12-12-2014,9.681591421,-27.80763599,DLF
15-12-2014,9.684718679,-27.8463861,DLF
16-12-2014,9.687845937,-27.88513621,DLF
17-12-2014,9.690973195,-27.92388632,DLF
18-12-2014,9.694100454,-27.96263644,DLF
19-12-2014,9.697227712,-28.00138655,DLF
22-12-2014,9.70035497,-28.04013666,DLF
23-12-2014,9.703482228,-28.07888677,DLF
24-12-2014,9.706609486,-28.11763688,DLF
26-12-2014,9.709736744,-28.15638699,DLF
29-12-2014,9.712864003,-28.19513711,DLF
30-12-2014,9.715991261,-28.23388722,DLF
31-12-2014,9.719118519,-28.27263733,DLF
01-01-2015,9.722245777,-28.31138744,DLF
02-01-2015,9.725373035,-28.35013755,DLF
05-01-2015,9.728500293,-28.38888767,DLF
06-01-2015,9.731627552,-28.42763778,DLF
07-01-2015,9.73475481,-28.46638789,DLF
08-01-2015,9.737882068,-28.505138,DLF
09-01-2015,9.741009326,-28.54388811,DLF
12-01-2015,9.744136584,-28.58263822,DLF
13-01-2015,9.747263842,-28.62138834,DLF
14-01-2015,9.750391101,-28.66013845,DLF
15-01-2015,9.753518359,-28.69888856,DLF
16-01-2015,9.756645617,-28.73763867,DLF
19-01-2015,9.759772875,-28.77638878,DLF
20-01-2015,9.762900133,-28.8151389,DLF
21-01-2015,9.766027391,-28.85388901,DLF
22-01-2015,9.76915465,-28.89263912,DLF
23-01-2015,9.772281908,-28.93138923,DLF
27-01-2015,9.775409166,-28.97013934,DLF
28-01-2015,9.778536424,-29.00888945,DLF
29-01-2015,9.781663682,-29.04763957,DLF
30-01-2015,9.78479094,-29.08638968,DLF
02-02-2015,9.787918199,-29.12513979,DLF
03-02-2015,9.791045457,-29.1638899,DLF
04-02-2015,9.794172715,-29.20264001,DLF
05-02-2015,9.797299973,-29.24139013,DLF
06-02-2015,9.800427231,-29.28014024,DLF
09-02-2015,9.803554489,-29.31889035,DLF
10-02-2015,9.806681748,-29.35764046,DLF
11-02-2015,9.809809006,-29.39639057,DLF
12-02-2015,9.812936264,-29.43514069,DLF
13-02-2015,9.816063522,-29.4738908,DLF
16-02-2015,9.81919078,-29.51264091,DLF
18-02-2015,9.822318038,-29.55139102,DLF
19-02-2015,9.825445297,-29.59014113,DLF
20-02-2015,9.828572555,-29.62889124,DLF
23-02-2015,9.831699813,-29.66764136,DLF
24-02-2015,9.834827071,-29.70639147,DLF
25-02-2015,9.837954329,-29.74514158,DLF
26-02-2015,9.841081587,-29.78389169,DLF
27-02-2015,9.844208845,-29.8226418,DLF
28-02-2015,9.847336104,-29.86139192,DLF
02-03-2015,9.850463362,-29.90014203,DLF
03-03-2015,9.85359062,-29.93889214,DLF
04-03-2015,9.856717878,-29.97764225,DLF
05-03-2015,9.859845136,-30.01639236,DLF
09-03-2015,9.862972394,-30.05514247,DLF
10-03-2015,9.866099653,-30.09389259,DLF
11-03-2015,9.869226911,-30.1326427,DLF
12-03-2015,9.872354169,-30.17139281,DLF
13-03-2015,9.875481427,-30.21014292,DLF
16-03-2015,9.878608685,-30.24889303,DLF
17-03-2015,9.881735943,-30.28764315,DLF
18-03-2015,9.884863202,-30.32639326,DLF
19-03-2015,9.88799046,-30.36514337,DLF
20-03-2015,9.891117718,-30.40389348,DLF
23-03-2015,9.894244976,-30.44264359,DLF
24-03-2015,9.897372234,-30.4813937,DLF
25-03-2015,9.900499492,-30.52014382,DLF
26-03-2015,9.903626751,-30.55889393,DLF
27-03-2015,9.906754009,-30.59764404,DLF
30-03-2015,9.909881267,-30.63639415,DLF
31-03-2015,9.913008525,-30.67514426,DLF
01-04-2015,9.916135783,-30.71389438,DLF
06-04-2015,9.919263041,-30.75264449,DLF
07-04-2015,9.9223903,-30.7913946,DLF
08-04-2015,9.925517558,-30.83014471,DLF
09-04-2015,9.928644816,-30.86889482,DLF
10-04-2015,9.931772074,-30.90764493,DLF
13-04-2015,9.934899332,-30.94639505,DLF
15-04-2015,9.93802659,-30.98514516,DLF
16-04-2015,9.941153849,-31.02389527,DLF
17-04-2015,9.944281107,-31.06264538,DLF
20-04-2015,9.947408365,-31.10139549,DLF
21-04-2015,9.950535623,-31.14014561,DLF
22-04-2015,9.953662881,-31.17889572,DLF
23-04-2015,9.956790139,-31.21764583,DLF
24-04-2015,9.959917398,-31.25639594,DLF
27-04-2015,9.963044656,-31.29514605,DLF
28-04-2015,9.966171914,-31.33389617,DLF
29-04-2015,9.969299172,-31.37264628,DLF
30-04-2015,9.97242643,-31.41139639,DLF
04-05-2015,9.975553688,-31.4501465,DLF
05-05-2015,9.978680947,-31.48889661,DLF
06-05-2015,9.981808205,-31.52764672,DLF
07-05-2015,9.984935463,-31.56639684,DLF
08-05-2015,9.988062721,-31.60514695,DLF
11-05-2015,9.991189979,-31.64389706,DLF
12-05-2015,9.994317237,-31.68264717,DLF
13-05-2015,9.997444496,-31.72139728,DLF
14-05-2015,10.00057175,-31.7601474,DLF
15-05-2015,10.00369901,-31.79889751,DLF
18-05-2015,10.00682627,-31.83764762,DLF
19-05-2015,10.00995353,-31.87639773,DLF
20-05-2015,10.01308079,-31.91514784,DLF
21-05-2015,10.01620804,-31.95389795,DLF
22-05-2015,10.0193353,-31.99264807,DLF
25-05-2015,10.02246256,-32.03139818,DLF
26-05-2015,10.02558982,-32.07014829,DLF
27-05-2015,10.02871708,-32.1088984,DLF
28-05-2015,10.03184434,-32.14764851,DLF
29-05-2015,10.03497159,-32.18639863,DLF
01-06-2015,10.03809885,-32.22514874,DLF
02-06-2015,10.04122611,-32.26389885,DLF
03-06-2015,10.04435337,-32.30264896,DLF
04-06-2015,10.04748063,-32.34139907,DLF
05-06-2015,10.05060788,-32.38014918,DLF
08-06-2015,10.05373514,-32.4188993,DLF
09-06-2015,10.0568624,-32.45764941,DLF
10-06-2015,10.05998966,-32.49639952,DLF
11-06-2015,10.06311692,-32.53514963,DLF
12-06-2015,10.06624418,-32.57389974,DLF
15-06-2015,10.06937143,-32.61264986,DLF
16-06-2015,10.07249869,-32.65139997,DLF
17-06-2015,10.07562595,-32.69015008,DLF
18-06-2015,10.07875321,-32.72890019,DLF
19-06-2015,10.08188047,-32.7676503,DLF
22-06-2015,10.08500772,-32.80640041,DLF
23-06-2015,10.08813498,-32.84515053,DLF
24-06-2015,10.09126224,-32.88390064,DLF
25-06-2015,10.0943895,-32.92265075,DLF
26-06-2015,10.09751676,-32.96140086,DLF
29-06-2015,10.10064401,-33.00015097,DLF
30-06-2015,10.10377127,-33.03890109,DLF
01-07-2015,10.10689853,-33.0776512,DLF
02-07-2015,10.11002579,-33.11640131,DLF
03-07-2015,10.11315305,-33.15515142,DLF
06-07-2015,10.11628031,-33.19390153,DLF
07-07-2015,10.11940756,-33.23265164,DLF
08-07-2015,10.12253482,-33.27140176,DLF
09-07-2015,10.12566208,-33.31015187,DLF
10-07-2015,10.12878934,-33.34890198,DLF
13-07-2015,10.1319166,-33.38765209,DLF
14-07-2015,10.13504385,-33.4264022,DLF
15-07-2015,10.13817111,-33.46515232,DLF
16-07-2015,10.14129837,-33.50390243,DLF
17-07-2015,10.14442563,-33.54265254,DLF
20-07-2015,10.14755289,-33.58140265,DLF
21-07-2015,10.15068015,-33.62015276,DLF
22-07-2015,10.1538074,-33.65890288,DLF
23-07-2015,10.15693466,-33.69765299,DLF
24-07-2015,10.16006192,-33.7364031,DLF
27-07-2015,10.16318918,-33.77515321,DLF
28-07-2015,10.16631644,-33.81390332,DLF
29-07-2015,10.16944369,-33.85265343,DLF
30-07-2015,10.17257095,-33.89140355,DLF
31-07-2015,10.17569821,-33.93015366,DLF
03-08-2015,10.17882547,-33.96890377,DLF
04-08-2015,10.18195273,-34.00765388,DLF
05-08-2015,10.18507999,-34.04640399,DLF
06-08-2015,10.18820724,-34.08515411,DLF
07-08-2015,10.1913345,-34.12390422,DLF
10-08-2015,10.19446176,-34.16265433,DLF
11-08-2015,10.19758902,-34.20140444,DLF
12-08-2015,10.20071628,-34.24015455,DLF
13-08-2015,10.20384353,-34.27890466,DLF
14-08-2015,10.20697079,-34.31765478,DLF
17-08-2015,10.21009805,-34.35640489,DLF
18-08-2015,10.21322531,-34.395155,DLF
19-08-2015,10.21635257,-34.43390511,DLF
20-08-2015,10.21947983,-34.47265522,DLF
21-08-2015,10.22260708,-34.51140534,DLF
24-08-2015,10.22573434,-34.55015545,DLF
25-08-2015,10.2288616,-34.58890556,DLF
26-08-2015,10.23198886,-34.62765567,DLF
27-08-2015,10.23511612,-34.66640578,DLF
28-08-2015,10.23824337,-34.70515589,DLF
31-08-2015,10.24137063,-34.74390601,DLF
01-09-2015,10.24449789,-34.78265612,DLF
02-09-2015,10.24762515,-34.82140623,DLF
03-09-2015,10.25075241,-34.86015634,DLF
04-09-2015,10.25387966,-34.89890645,DLF
07-09-2015,10.25700692,-34.93765657,DLF
08-09-2015,10.26013418,-34.97640668,DLF
09-09-2015,10.26326144,-35.01515679,DLF
10-09-2015,10.2663887,-35.0539069,DLF
11-09-2015,10.26951596,-35.09265701,DLF
14-09-2015,10.27264321,-35.13140712,DLF
15-09-2015,10.27577047,-35.17015724,DLF
16-09-2015,10.27889773,-35.20890735,DLF
18-09-2015,10.28202499,-35.24765746,DLF
21-09-2015,10.28515225,-35.28640757,DLF
22-09-2015,10.2882795,-35.32515768,DLF
23-09-2015,10.29140676,-35.3639078,DLF
24-09-2015,10.29453402,-35.40265791,DLF
28-09-2015,10.29766128,-35.44140802,DLF
29-09-2015,10.30078854,-35.48015813,DLF
30-09-2015,10.3039158,-35.51890824,DLF
01-10-2015,10.30704305,-35.55765836,DLF
05-10-2015,10.31017031,-35.59640847,DLF
06-10-2015,10.31329757,-35.63515858,DLF
07-10-2015,10.31642483,-35.67390869,DLF
08-10-2015,10.31955209,-35.7126588,DLF
09-10-2015,10.32267934,-35.75140891,DLF
12-10-2015,10.3258066,-35.79015903,DLF
13-10-2015,10.32893386,-35.82890914,DLF
14-10-2015,10.33206112,-35.86765925,DLF
15-10-2015,10.33518838,-35.90640936,DLF
16-10-2015,10.33831564,-35.94515947,DLF
19-10-2015,10.34144289,-35.98390959,DLF
20-10-2015,10.34457015,-36.0226597,DLF
21-10-2015,10.34769741,-36.06140981,DLF
23-10-2015,10.35082467,-36.10015992,DLF
26-10-2015,10.35395193,-36.13891003,DLF
27-10-2015,10.35707918,-36.17766014,DLF
28-10-2015,10.36020644,-36.21641026,DLF
29-10-2015,10.3633337,-36.25516037,DLF
30-10-2015,10.36646096,-36.29391048,DLF
02-11-2015,10.36958822,-36.33266059,DLF
03-11-2015,10.37271548,-36.3714107,DLF
04-11-2015,10.37584273,-36.41016082,DLF
05-11-2015,10.37896999,-36.44891093,DLF
06-11-2015,10.38209725,-36.48766104,DLF
09-11-2015,10.38522451,-36.52641115,DLF
10-11-2015,10.38835177,-36.56516126,DLF
11-11-2015,10.39147902,-36.60391137,DLF
13-11-2015,10.39460628,-36.64266149,DLF
16-11-2015,10.39773354,-36.6814116,DLF
17-11-2015,10.4008608,-36.72016171,DLF
18-11-2015,10.40398806,-36.75891182,DLF
19-11-2015,10.40711531,-36.79766193,DLF
20-11-2015,10.41024257,-36.83641205,DLF
23-11-2015,10.41336983,-36.87516216,DLF
24-11-2015,10.41649709,-36.91391227,DLF
26-11-2015,10.41962435,-36.95266238,DLF
27-11-2015,10.42275161,-36.99141249,DLF
30-11-2015,10.42587886,-37.0301626,DLF
01-12-2015,10.42900612,-37.06891272,DLF
02-12-2015,10.43213338,-37.10766283,DLF
03-12-2015,10.43526064,-37.14641294,DLF
04-12-2015,10.4383879,-37.18516305,DLF
07-12-2015,10.44151515,-37.22391316,DLF
08-12-2015,10.44464241,-37.26266328,DLF
09-12-2015,10.44776967,-37.30141339,DLF
10-12-2015,10.45089693,-37.3401635,DLF
11-12-2015,10.45402419,-37.37891361,DLF
14-12-2015,10.45715145,-37.41766372,DLF
15-12-2015,10.4602787,-37.45641384,DLF
16-12-2015,10.46340596,-37.49516395,DLF
17-12-2015,10.46653322,-37.53391406,DLF
18-12-2015,10.46966048,-37.57266417,DLF
21-12-2015,10.47278774,-37.61141428,DLF
22-12-2015,10.47591499,-37.65016439,DLF
23-12-2015,10.47904225,-37.68891451,DLF
24-12-2015,10.48216951,-37.72766462,DLF
28-12-2015,10.48529677,-37.76641473,DLF
29-12-2015,10.48842403,-37.80516484,DLF
30-12-2015,10.49155129,-37.84391495,DLF
31-12-2015,10.49467854,-37.88266507,DLF
01-01-2016,10.4978058,-37.92141518,DLF
04-01-2016,10.50093306,-37.96016529,DLF
05-01-2016,10.50406032,-37.9989154,DLF
06-01-2016,10.50718758,-38.03766551,DLF
07-01-2016,10.51031483,-38.07641562,DLF
08-01-2016,10.51344209,-38.11516574,DLF
11-01-2016,10.51656935,-38.15391585,DLF
12-01-2016,10.51969661,-38.19266596,DLF
13-01-2016,10.52282387,-38.23141607,DLF
14-01-2016,10.52595113,-38.27016618,DLF
15-01-2016,10.52907838,-38.3089163,DLF
18-01-2016,10.53220564,-38.34766641,DLF
19-01-2016,10.5353329,-38.38641652,DLF
20-01-2016,10.53846016,-38.42516663,DLF
21-01-2016,10.54158742,-38.46391674,DLF
22-01-2016,10.54471467,-38.50266685,DLF
25-01-2016,10.54784193,-38.54141697,DLF
27-01-2016,10.55096919,-38.58016708,DLF
28-01-2016,10.55409645,-38.61891719,DLF
29-01-2016,10.55722371,-38.6576673,DLF
01-02-2016,10.56035096,-38.69641741,DLF
02-02-2016,10.56347822,-38.73516753,DLF
03-02-2016,10.56660548,-38.77391764,DLF
04-02-2016,10.56973274,-38.81266775,DLF
05-02-2016,10.57286,-38.85141786,DLF
08-02-2016,10.57598726,-38.89016797,DLF
09-02-2016,10.57911451,-38.92891808,DLF
10-02-2016,10.58224177,-38.9676682,DLF
11-02-2016,10.58536903,-39.00641831,DLF
12-02-2016,10.58849629,-39.04516842,DLF
15-02-2016,10.59162355,-39.08391853,DLF
16-02-2016,10.5947508,-39.12266864,DLF
17-02-2016,10.59787806,-39.16141876,DLF
18-02-2016,10.60100532,-39.20016887,DLF
19-02-2016,10.60413258,-39.23891898,DLF
22-02-2016,10.60725984,-39.27766909,DLF
23-02-2016,10.6103871,-39.3164192,DLF
24-02-2016,10.61351435,-39.35516931,DLF
25-02-2016,10.61664161,-39.39391943,DLF
26-02-2016,10.61976887,-39.43266954,DLF
29-02-2016,10.62289613,-39.47141965,DLF
01-03-2016,10.62602339,-39.51016976,DLF
02-03-2016,10.62915064,-39.54891987,DLF
03-03-2016,10.6322779,-39.58766999,DLF
04-03-2016,10.63540516,-39.6264201,DLF
08-03-2016,10.63853242,-39.66517021,DLF
09-03-2016,10.64165968,-39.70392032,DLF
10-03-2016,10.64478694,-39.74267043,DLF
11-03-2016,10.64791419,-39.78142055,DLF
14-03-2016,10.65104145,-39.82017066,DLF
15-03-2016,10.65416871,-39.85892077,DLF
16-03-2016,10.65729597,-39.89767088,DLF
17-03-2016,10.66042323,-39.93642099,DLF
18-03-2016,10.66355048,-39.9751711,DLF
21-03-2016,10.66667774,-40.01392122,DLF
22-03-2016,10.669805,-40.05267133,DLF
23-03-2016,10.67293226,-40.09142144,DLF
28-03-2016,10.67605952,-40.13017155,DLF
29-03-2016,10.67918678,-40.16892166,DLF
30-03-2016,10.68231403,-40.20767178,DLF
31-03-2016,10.68544129,-40.24642189,DLF
01-04-2016,10.68856855,-40.285172,DLF
04-04-2016,10.69169581,-40.32392211,DLF
05-04-2016,10.69482307,-40.36267222,DLF
06-04-2016,10.69795032,-40.40142233,DLF
07-04-2016,10.70107758,-40.44017245,DLF
08-04-2016,10.70420484,-40.47892256,DLF
11-04-2016,10.7073321,-40.51767267,DLF
12-04-2016,10.71045936,-40.55642278,DLF
13-04-2016,10.71358662,-40.59517289,DLF
18-04-2016,10.71671387,-40.63392301,DLF
20-04-2016,10.71984113,-40.67267312,DLF
21-04-2016,10.72296839,-40.71142323,DLF
22-04-2016,10.72609565,-40.75017334,DLF
25-04-2016,10.72922291,-40.78892345,DLF
26-04-2016,10.73235016,-40.82767356,DLF
27-04-2016,10.73547742,-40.86642368,DLF
28-04-2016,10.73860468,-40.90517379,DLF
29-04-2016,10.74173194,-40.9439239,DLF
02-05-2016,10.7448592,-40.98267401,DLF
03-05-2016,10.74798645,-41.02142412,DLF
04-05-2016,10.75111371,-41.06017424,DLF
05-05-2016,10.75424097,-41.09892435,DLF
06-05-2016,10.75736823,-41.13767446,DLF
09-05-2016,10.76049549,-41.17642457,DLF
10-05-2016,10.76362275,-41.21517468,DLF
11-05-2016,10.76675,-41.25392479,DLF
12-05-2016,10.76987726,-41.29267491,DLF
13-05-2016,10.77300452,-41.33142502,DLF
16-05-2016,10.77613178,-41.37017513,DLF
17-05-2016,10.77925904,-41.40892524,DLF
18-05-2016,10.78238629,-41.44767535,DLF
19-05-2016,10.78551355,-41.48642547,DLF
20-05-2016,10.78864081,-41.52517558,DLF
23-05-2016,10.79176807,-41.56392569,DLF
24-05-2016,10.79489533,-41.6026758,DLF
25-05-2016,10.79802259,-41.64142591,DLF
26-05-2016,10.80114984,-41.68017603,DLF
27-05-2016,10.8042771,-41.71892614,DLF
30-05-2016,10.80740436,-41.75767625,DLF
31-05-2016,10.81053162,-41.79642636,DLF
01-06-2016,10.81365888,-41.83517647,DLF
02-06-2016,10.81678613,-41.87392658,DLF
03-06-2016,10.81991339,-41.9126767,DLF
06-06-2016,10.82304065,-41.95142681,DLF
07-06-2016,10.82616791,-41.99017692,DLF
08-06-2016,10.82929517,-42.02892703,DLF
09-06-2016,10.83242243,-42.06767714,DLF
10-06-2016,10.83554968,-42.10642726,DLF
13-06-2016,10.83867694,-42.14517737,DLF
14-06-2016,10.8418042,-42.18392748,DLF
15-06-2016,10.84493146,-42.22267759,DLF
16-06-2016,10.84805872,-42.2614277,DLF
17-06-2016,10.85118597,-42.30017781,DLF
20-06-2016,10.85431323,-42.33892793,DLF
21-06-2016,10.85744049,-42.37767804,DLF
22-06-2016,10.86056775,-42.41642815,DLF
23-06-2016,10.86369501,-42.45517826,DLF
24-06-2016,10.86682227,-42.49392837,DLF
27-06-2016,10.86994952,-42.53267849,DLF
28-06-2016,10.87307678,-42.5714286,DLF
29-06-2016,10.87620404,-42.61017871,DLF
30-06-2016,10.8793313,-42.64892882,DLF
01-07-2016,10.88245856,-42.68767893,DLF
04-07-2016,10.88558581,-42.72642904,DLF
05-07-2016,10.88871307,-42.76517916,DLF
07-07-2016,10.89184033,-42.80392927,DLF
08-07-2016,10.89496759,-42.84267938,DLF
11-07-2016,10.89809485,-42.88142949,DLF
12-07-2016,10.9012221,-42.9201796,DLF
13-07-2016,10.90434936,-42.95892972,DLF
14-07-2016,10.90747662,-42.99767983,DLF
15-07-2016,10.91060388,-43.03642994,DLF
18-07-2016,10.91373114,-43.07518005,DLF
19-07-2016,10.9168584,-43.11393016,DLF
20-07-2016,10.91998565,-43.15268027,DLF
21-07-2016,10.92311291,-43.19143039,DLF
22-07-2016,10.92624017,-43.2301805,DLF
25-07-2016,10.92936743,-43.26893061,DLF
26-07-2016,10.93249469,-43.30768072,DLF
27-07-2016,10.93562194,-43.34643083,DLF
28-07-2016,10.9387492,-43.38518095,DLF
29-07-2016,10.94187646,-43.42393106,DLF
01-08-2016,10.94500372,-43.46268117,DLF
02-08-2016,10.94813098,-43.50143128,DLF
03-08-2016,10.95125824,-43.54018139,DLF
04-08-2016,10.95438549,-43.57893151,DLF
05-08-2016,10.95751275,-43.61768162,DLF
08-08-2016,10.96064001,-43.65643173,DLF
09-08-2016,10.96376727,-43.69518184,DLF
10-08-2016,10.96689453,-43.73393195,DLF
11-08-2016,10.97002178,-43.77268206,DLF
12-08-2016,10.97314904,-43.81143218,DLF
16-08-2016,10.9762763,-43.85018229,DLF
17-08-2016,10.97940356,-43.8889324,DLF
18-08-2016,10.98253082,-43.92768251,DLF
19-08-2016,10.98565808,-43.96643262,DLF
22-08-2016,10.98878533,-44.00518274,DLF
23-08-2016,10.99191259,-44.04393285,DLF
24-08-2016,10.99503985,-44.08268296,DLF
25-08-2016,10.99816711,-44.12143307,DLF
26-08-2016,11.00129437,-44.16018318,DLF
29-08-2016,11.00442162,-44.19893329,DLF
30-08-2016,11.00754888,-44.23768341,DLF
31-08-2016,11.01067614,-44.27643352,DLF
01-09-2016,11.0138034,-44.31518363,DLF
02-09-2016,11.01693066,-44.35393374,DLF
06-09-2016,11.02005792,-44.39268385,DLF
07-09-2016,11.02318517,-44.43143397,DLF
08-09-2016,11.02631243,-44.47018408,DLF
09-09-2016,11.02943969,-44.50893419,DLF
12-09-2016,11.03256695,-44.5476843,DLF
14-09-2016,11.03569421,-44.58643441,DLF
15-09-2016,11.03882146,-44.62518452,DLF
16-09-2016,11.04194872,-44.66393464,DLF
19-09-2016,11.04507598,-44.70268475,DLF
20-09-2016,11.04820324,-44.74143486,DLF
21-09-2016,11.0513305,-44.78018497,DLF
22-09-2016,11.05445775,-44.81893508,DLF
23-09-2016,11.05758501,-44.8576852,DLF
26-09-2016,11.06071227,-44.89643531,DLF
27-09-2016,11.06383953,-44.93518542,DLF
28-09-2016,11.06696679,-44.97393553,DLF
29-09-2016,11.07009405,-45.01268564,DLF
30-09-2016,11.0732213,-45.05143575,DLF
03-10-2016,11.07634856,-45.09018587,DLF
04-10-2016,11.07947582,-45.12893598,DLF
05-10-2016,11.08260308,-45.16768609,DLF
06-10-2016,11.08573034,-45.2064362,DLF
07-10-2016,11.08885759,-45.24518631,DLF
10-10-2016,11.09198485,-45.28393643,DLF
13-10-2016,11.09511211,-45.32268654,DLF
14-10-2016,11.09823937,-45.36143665,DLF
17-10-2016,11.10136663,-45.40018676,DLF
18-10-2016,11.10449389,-45.43893687,DLF
19-10-2016,11.10762114,-45.47768698,DLF
20-10-2016,11.1107484,-45.5164371,DLF
21-10-2016,11.11387566,-45.55518721,DLF
24-10-2016,11.11700292,-45.59393732,DLF
25-10-2016,11.12013018,-45.63268743,DLF
26-10-2016,11.12325743,-45.67143754,DLF
27-10-2016,11.12638469,-45.71018766,DLF
28-10-2016,11.12951195,-45.74893777,DLF
