Date,PE,
23-09-2013,71.91,DLF
24-09-2013,71.25,DLF
25-09-2013,69.32,DLF
26-09-2013,68.74,DLF
27-09-2013,66.84,DLF
30-09-2013,59.42,DLF
01-10-2013,63.32,DLF
03-10-2013,64.3,DLF
04-10-2013,64.41,DLF
07-10-2013,63.79,DLF
08-10-2013,64.27,DLF
09-10-2013,67.98,DLF
10-10-2013,69.16,DLF
11-10-2013,71.38,DLF
14-10-2013,71.13,DLF
15-10-2013,70.99,DLF
17-10-2013,70.94,DLF
18-10-2013,72.7,DLF
21-10-2013,76.77,DLF
22-10-2013,75.96,DLF
23-10-2013,73.39,DLF
24-10-2013,73.65,DLF
25-10-2013,70.02,DLF
28-10-2013,67.68,DLF
29-10-2013,69.37,DLF
30-10-2013,69.02,DLF
31-10-2013,70.18,DLF
01-11-2013,72.79,DLF
03-11-2013,72.86,DLF
05-11-2013,74.36,DLF
06-11-2013,72.1,DLF
07-11-2013,68.81,DLF
08-11-2013,70.57,DLF
11-11-2013,68.54,DLF
12-11-2013,66.92,DLF
13-11-2013,65.97,DLF
14-11-2013,67.33,DLF
18-11-2013,68.84,DLF
19-11-2013,69.21,DLF
20-11-2013,69.48,DLF
21-11-2013,67.24,DLF
22-11-2013,66.8,DLF
25-11-2013,68.93,DLF
26-11-2013,69.14,DLF
27-11-2013,68.21,DLF
28-11-2013,69.14,DLF
29-11-2013,70.39,DLF
02-12-2013,70.63,DLF
03-12-2013,72.16,DLF
04-12-2013,70.87,DLF
05-12-2013,72.21,DLF
06-12-2013,72.09,DLF
09-12-2013,76.42,DLF
10-12-2013,74.2,DLF
11-12-2013,72.62,DLF
12-12-2013,72.28,DLF
13-12-2013,69.78,DLF
16-12-2013,70.45,DLF
17-12-2013,70.29,DLF
18-12-2013,74.17,DLF
19-12-2013,73.41,DLF
20-12-2013,75.35,DLF
23-12-2013,78.64,DLF
24-12-2013,79.08,DLF
26-12-2013,78.87,DLF
27-12-2013,79.22,DLF
30-12-2013,77,DLF
31-12-2013,45.89,DLF
01-01-2014,46.82,DLF
02-01-2014,45.79,DLF
03-01-2014,46.36,DLF
06-01-2014,45.85,DLF
07-01-2014,45.01,DLF
08-01-2014,44.61,DLF
09-01-2014,43.7,DLF
10-01-2014,43.02,DLF
13-01-2014,44.21,DLF
14-01-2014,43.18,DLF
15-01-2014,43.92,DLF
16-01-2014,44.47,DLF
17-01-2014,42.71,DLF
20-01-2014,42.81,DLF
21-01-2014,43.22,DLF
22-01-2014,43.58,DLF
23-01-2014,43.69,DLF
24-01-2014,42,DLF
27-01-2014,38.5,DLF
28-01-2014,38.85,DLF
29-01-2014,38.78,DLF
30-01-2014,37.04,DLF
31-01-2014,37.74,DLF
03-02-2014,36.87,DLF
04-02-2014,36.93,DLF
05-02-2014,37.92,DLF
06-02-2014,37.22,DLF
07-02-2014,37.92,DLF
10-02-2014,39.03,DLF
11-02-2014,38.63,DLF
12-02-2014,38.47,DLF
13-02-2014,39.22,DLF
14-02-2014,39.71,DLF
17-02-2014,39.31,DLF
18-02-2014,39.2,DLF
19-02-2014,39.36,DLF
20-02-2014,39.49,DLF
21-02-2014,39.17,DLF
24-02-2014,39.28,DLF
25-02-2014,38.94,DLF
26-02-2014,38.5,DLF
28-02-2014,38.7,DLF
03-03-2014,38.21,DLF
04-03-2014,38.48,DLF
05-03-2014,39.79,DLF
06-03-2014,41.78,DLF
07-03-2014,45.9,DLF
10-03-2014,47.18,DLF
11-03-2014,49.04,DLF
12-03-2014,49.24,DLF
13-03-2014,46.32,DLF
14-03-2014,48.1,DLF
18-03-2014,47.73,DLF
19-03-2014,47.8,DLF
20-03-2014,45.97,DLF
21-03-2014,47.07,DLF
22-03-2014,46.91,DLF
24-03-2014,47.2,DLF
25-03-2014,48.8,DLF
26-03-2014,48.14,DLF
27-03-2014,47.97,DLF
28-03-2014,48.41,DLF
31-03-2014,36.15,DLF
01-04-2014,35.82,DLF
02-04-2014,36.12,DLF
03-04-2014,35.16,DLF
04-04-2014,36.07,DLF
07-04-2014,35,DLF
09-04-2014,36.15,DLF
10-04-2014,36.53,DLF
11-04-2014,36.09,DLF
15-04-2014,33.96,DLF
16-04-2014,32.34,DLF
17-04-2014,32.66,DLF
21-04-2014,32.31,DLF
22-04-2014,32.14,DLF
23-04-2014,31.2,DLF
25-04-2014,31.46,DLF
28-04-2014,31.53,DLF
29-04-2014,31.42,DLF
30-04-2014,28.7,DLF
02-05-2014,28.61,DLF
05-05-2014,28.45,DLF
06-05-2014,28.73,DLF
07-05-2014,28.69,DLF
08-05-2014,28.55,DLF
09-05-2014,29.61,DLF
12-05-2014,29.91,DLF
13-05-2014,31.12,DLF
14-05-2014,32.86,DLF
15-05-2014,32.75,DLF
16-05-2014,34.72,DLF
19-05-2014,37.34,DLF
20-05-2014,37.69,DLF
21-05-2014,39.41,DLF
22-05-2014,43.15,DLF
23-05-2014,44.32,DLF
26-05-2014,41.82,DLF
27-05-2014,41.85,DLF
28-05-2014,42.1,DLF
29-05-2014,41.7,DLF
30-05-2014,42.94,DLF
02-06-2014,42.88,DLF
03-06-2014,44.97,DLF
04-06-2014,44.87,DLF
05-06-2014,44.95,DLF
06-06-2014,47.7,DLF
09-06-2014,49.38,DLF
10-06-2014,47.72,DLF
11-06-2014,45.2,DLF
12-06-2014,45.75,DLF
13-06-2014,41.99,DLF
16-06-2014,43.04,DLF
17-06-2014,43.5,DLF
18-06-2014,42.49,DLF
19-06-2014,42.35,DLF
20-06-2014,42.57,DLF
23-06-2014,42.88,DLF
24-06-2014,44.87,DLF
25-06-2014,44.44,DLF
26-06-2014,43.05,DLF
27-06-2014,43.21,DLF
30-06-2014,50.73,DLF
01-07-2014,51.12,DLF
02-07-2014,51.65,DLF
03-07-2014,50.98,DLF
04-07-2014,51.67,DLF
07-07-2014,52.71,DLF
08-07-2014,48.61,DLF
09-07-2014,48.16,DLF
10-07-2014,52.6,DLF
11-07-2014,49.45,DLF
14-07-2014,49.03,DLF
15-07-2014,50.31,DLF
16-07-2014,53.24,DLF
17-07-2014,52.46,DLF
18-07-2014,52.15,DLF
21-07-2014,50.72,DLF
22-07-2014,51.18,DLF
23-07-2014,50.72,DLF
24-07-2014,50.6,DLF
25-07-2014,48.33,DLF
28-07-2014,45.9,DLF
30-07-2014,47.27,DLF
31-07-2014,46.85,DLF
01-08-2014,47.37,DLF
04-08-2014,47.54,DLF
05-08-2014,48.53,DLF
06-08-2014,47.82,DLF
07-08-2014,47.92,DLF
08-08-2014,45.94,DLF
11-08-2014,47.05,DLF
12-08-2014,47.76,DLF
13-08-2014,45.86,DLF
14-08-2014,46.38,DLF
18-08-2014,46.78,DLF
19-08-2014,47.28,DLF
20-08-2014,47.51,DLF
21-08-2014,46.43,DLF
22-08-2014,46,DLF
25-08-2014,45.08,DLF
26-08-2014,45.24,DLF
27-08-2014,43.23,DLF
28-08-2014,41.95,DLF
01-09-2014,42.51,DLF
02-09-2014,43.46,DLF
03-09-2014,43.23,DLF
04-09-2014,39.51,DLF
05-09-2014,41.42,DLF
08-09-2014,41.73,DLF
09-09-2014,41.14,DLF
10-09-2014,41.73,DLF
11-09-2014,41.38,DLF
12-09-2014,41.54,DLF
15-09-2014,41,DLF
16-09-2014,39.76,DLF
17-09-2014,39.94,DLF
18-09-2014,41.4,DLF
19-09-2014,40.61,DLF
22-09-2014,39.36,DLF
23-09-2014,36.8,DLF
24-09-2014,37.72,DLF
25-09-2014,36.8,DLF
26-09-2014,38.3,DLF
29-09-2014,37.41,DLF
30-09-2014,27.29,DLF
01-10-2014,27.21,DLF
07-10-2014,25.7,DLF
08-10-2014,26.92,DLF
09-10-2014,27.63,DLF
10-10-2014,27.56,DLF
13-10-2014,26.54,DLF
14-10-2014,18.99,DLF
16-10-2014,19.96,DLF
17-10-2014,20.03,DLF
20-10-2014,20.87,DLF
21-10-2014,21.97,DLF
22-10-2014,21.75,DLF
23-10-2014,21.69,DLF
27-10-2014,19.99,DLF
28-10-2014,20.14,DLF
29-10-2014,21.37,DLF
30-10-2014,22.42,DLF
31-10-2014,22.52,DLF
03-11-2014,23.25,DLF
05-11-2014,22.91,DLF
07-11-2014,24.34,DLF
10-11-2014,24.53,DLF
11-11-2014,24.72,DLF
12-11-2014,25.27,DLF
13-11-2014,25.13,DLF
14-11-2014,25.65,DLF
17-11-2014,25.28,DLF
18-11-2014,25.19,DLF
19-11-2014,25.51,DLF
20-11-2014,25.07,DLF
21-11-2014,25.38,DLF
24-11-2014,26.61,DLF
25-11-2014,25.64,DLF
26-11-2014,27.49,DLF
27-11-2014,26.8,DLF
28-11-2014,27.02,DLF
01-12-2014,27.81,DLF
02-12-2014,27.76,DLF
03-12-2014,28.13,DLF
04-12-2014,27.91,DLF
05-12-2014,29.22,DLF
08-12-2014,28.97,DLF
09-12-2014,28.8,DLF
10-12-2014,28.95,DLF
11-12-2014,28.25,DLF
12-12-2014,27.54,DLF
15-12-2014,26.21,DLF
16-12-2014,25.21,DLF
17-12-2014,24.22,DLF
18-12-2014,24.6,DLF
19-12-2014,23.88,DLF
22-12-2014,24.2,DLF
23-12-2014,24.12,DLF
24-12-2014,23.82,DLF
26-12-2014,24.6,DLF
29-12-2014,24.58,DLF
30-12-2014,24.53,DLF
31-12-2014,25.62,DLF
01-01-2015,25.65,DLF
02-01-2015,26,DLF
05-01-2015,25.37,DLF
06-01-2015,24.94,DLF
07-01-2015,25.11,DLF
08-01-2015,26.62,DLF
09-01-2015,25.75,DLF
12-01-2015,25.53,DLF
13-01-2015,24.89,DLF
14-01-2015,24.91,DLF
15-01-2015,27.49,DLF
16-01-2015,27.29,DLF
19-01-2015,27.13,DLF
20-01-2015,27.2,DLF
21-01-2015,26.86,DLF
22-01-2015,27.75,DLF
23-01-2015,29.18,DLF
27-01-2015,29.53,DLF
28-01-2015,30.44,DLF
29-01-2015,31.03,DLF
30-01-2015,31.72,DLF
02-02-2015,32.22,DLF
03-02-2015,31.73,DLF
04-02-2015,32.34,DLF
05-02-2015,31.63,DLF
06-02-2015,30.6,DLF
09-02-2015,29.38,DLF
10-02-2015,29.5,DLF
11-02-2015,29.64,DLF
12-02-2015,29.68,DLF
13-02-2015,28.98,DLF
16-02-2015,29.07,DLF
18-02-2015,27.95,DLF
19-02-2015,28.05,DLF
20-02-2015,28.26,DLF
23-02-2015,27.34,DLF
24-02-2015,27.4,DLF
25-02-2015,27.58,DLF
26-02-2015,28.07,DLF
27-02-2015,29.09,DLF
28-02-2015,29.03,DLF
02-03-2015,28.87,DLF
03-03-2015,28.24,DLF
04-03-2015,28.79,DLF
05-03-2015,28.69,DLF
09-03-2015,28.18,DLF
10-03-2015,27.01,DLF
11-03-2015,26.99,DLF
12-03-2015,27.82,DLF
13-03-2015,29.42,DLF
16-03-2015,30.68,DLF
17-03-2015,30.75,DLF
18-03-2015,30.74,DLF
19-03-2015,30.65,DLF
20-03-2015,29.89,DLF
23-03-2015,29.79,DLF
24-03-2015,29.89,DLF
25-03-2015,30.74,DLF
26-03-2015,29.72,DLF
27-03-2015,28.92,DLF
30-03-2015,29.79,DLF
31-03-2015,30.03,DLF
01-04-2015,30.29,DLF
06-04-2015,31.75,DLF
07-04-2015,30.8,DLF
08-04-2015,30.75,DLF
09-04-2015,30.24,DLF
10-04-2015,30.1,DLF
13-04-2015,29.81,DLF
15-04-2015,29.17,DLF
16-04-2015,28.5,DLF
17-04-2015,27.95,DLF
20-04-2015,27.76,DLF
21-04-2015,26.43,DLF
22-04-2015,26.02,DLF
23-04-2015,25.9,DLF
24-04-2015,24.91,DLF
27-04-2015,23.56,DLF
28-04-2015,24.3,DLF
29-04-2015,25.36,DLF
30-04-2015,25.87,DLF
04-05-2015,26.25,DLF
05-05-2015,26.44,DLF
06-05-2015,25.03,DLF
07-05-2015,24.46,DLF
08-05-2015,25.24,DLF
11-05-2015,24.72,DLF
12-05-2015,23.81,DLF
13-05-2015,23.72,DLF
14-05-2015,24.09,DLF
15-05-2015,23.69,DLF
18-05-2015,23.29,DLF
19-05-2015,23.57,DLF
20-05-2015,23.41,DLF
21-05-2015,23.58,DLF
22-05-2015,23.38,DLF
25-05-2015,23.1,DLF
26-05-2015,22.22,DLF
27-05-2015,22.64,DLF
28-05-2015,22.61,DLF
29-05-2015,22.37,DLF
01-06-2015,22.43,DLF
02-06-2015,21.46,DLF
03-06-2015,20.93,DLF
04-06-2015,21.09,DLF
05-06-2015,20.36,DLF
08-06-2015,20.83,DLF
09-06-2015,20.99,DLF
10-06-2015,21.26,DLF
11-06-2015,20.48,DLF
12-06-2015,20.42,DLF
15-06-2015,20.51,DLF
16-06-2015,20.48,DLF
17-06-2015,20.61,DLF
18-06-2015,20.3,DLF
19-06-2015,20.23,DLF
22-06-2015,21.76,DLF
23-06-2015,22.3,DLF
24-06-2015,21.72,DLF
25-06-2015,22.41,DLF
26-06-2015,22.79,DLF
29-06-2015,22.16,DLF
30-06-2015,25.76,DLF
01-07-2015,25.82,DLF
02-07-2015,25.72,DLF
03-07-2015,25.56,DLF
06-07-2015,25.9,DLF
07-07-2015,26.19,DLF
08-07-2015,25.69,DLF
09-07-2015,25.75,DLF
10-07-2015,25.25,DLF
13-07-2015,25.4,DLF
14-07-2015,25.23,DLF
15-07-2015,25.71,DLF
16-07-2015,25.58,DLF
17-07-2015,25.16,DLF
20-07-2015,23.93,DLF
21-07-2015,23.54,DLF
22-07-2015,23.47,DLF
23-07-2015,23.76,DLF
24-07-2015,22.7,DLF
27-07-2015,22.3,DLF
28-07-2015,21.1,DLF
29-07-2015,22.35,DLF
30-07-2015,24.09,DLF
31-07-2015,25.29,DLF
03-08-2015,25.55,DLF
04-08-2015,25.37,DLF
05-08-2015,26.88,DLF
06-08-2015,26.99,DLF
07-08-2015,27.7,DLF
10-08-2015,28.24,DLF
11-08-2015,27.39,DLF
12-08-2015,25.82,DLF
13-08-2015,25.13,DLF
14-08-2015,29.72,DLF
17-08-2015,28.48,DLF
18-08-2015,28.21,DLF
19-08-2015,27.92,DLF
20-08-2015,26.48,DLF
21-08-2015,25.13,DLF
24-08-2015,21.22,DLF
25-08-2015,24.79,DLF
26-08-2015,24.38,DLF
27-08-2015,25.22,DLF
28-08-2015,25.35,DLF
31-08-2015,24.42,DLF
01-09-2015,23.36,DLF
02-09-2015,24.15,DLF
03-09-2015,26.59,DLF
04-09-2015,25.69,DLF
07-09-2015,24.82,DLF
08-09-2015,26.54,DLF
09-09-2015,26.97,DLF
10-09-2015,27.24,DLF
11-09-2015,27.41,DLF
14-09-2015,27.78,DLF
15-09-2015,27.11,DLF
16-09-2015,27.24,DLF
18-09-2015,27.79,DLF
21-09-2015,28.14,DLF
22-09-2015,27.44,DLF
23-09-2015,28.04,DLF
24-09-2015,27.84,DLF
28-09-2015,28.48,DLF
29-09-2015,29.67,DLF
30-09-2015,27.41,DLF
01-10-2015,26.77,DLF
05-10-2015,26.91,DLF
06-10-2015,27.1,DLF
07-10-2015,27.7,DLF
08-10-2015,27.73,DLF
09-10-2015,27.96,DLF
12-10-2015,27.21,DLF
13-10-2015,27.39,DLF
14-10-2015,26.75,DLF
15-10-2015,26.91,DLF
16-10-2015,25.62,DLF
19-10-2015,26.46,DLF
20-10-2015,26.34,DLF
21-10-2015,25.78,DLF
23-10-2015,25.97,DLF
26-10-2015,25.81,DLF
27-10-2015,25.43,DLF
28-10-2015,24.8,DLF
29-10-2015,24.1,DLF
30-10-2015,23.32,DLF
02-11-2015,23.73,DLF
03-11-2015,24.03,DLF
04-11-2015,24.43,DLF
05-11-2015,23.24,DLF
06-11-2015,23.69,DLF
09-11-2015,22.76,DLF
10-11-2015,21.76,DLF
11-11-2015,22.4,DLF
13-11-2015,22.05,DLF
16-11-2015,22,DLF
17-11-2015,22.33,DLF
18-11-2015,21.3,DLF
19-11-2015,20.73,DLF
20-11-2015,20.48,DLF
23-11-2015,20.63,DLF
24-11-2015,21.4,DLF
26-11-2015,22.69,DLF
27-11-2015,22.82,DLF
30-11-2015,23.04,DLF
01-12-2015,23.56,DLF
02-12-2015,23.4,DLF
03-12-2015,23.73,DLF
04-12-2015,23.44,DLF
07-12-2015,23.32,DLF
08-12-2015,22.09,DLF
09-12-2015,22.11,DLF
10-12-2015,22.32,DLF
11-12-2015,21.64,DLF
14-12-2015,21.42,DLF
15-12-2015,21.68,DLF
16-12-2015,22.59,DLF
17-12-2015,23.06,DLF
18-12-2015,22.92,DLF
21-12-2015,23.22,DLF
22-12-2015,22.68,DLF
23-12-2015,23.22,DLF
24-12-2015,22.86,DLF
28-12-2015,23,DLF
29-12-2015,22.76,DLF
30-12-2015,22.79,DLF
31-12-2015,51.88,DLF
01-01-2016,54.31,DLF
04-01-2016,52.86,DLF
05-01-2016,52.97,DLF
06-01-2016,51.25,DLF
07-01-2016,47.83,DLF
08-01-2016,50.11,DLF
11-01-2016,50.09,DLF
12-01-2016,49.01,DLF
13-01-2016,49.24,DLF
14-01-2016,47.32,DLF
15-01-2016,44.57,DLF
18-01-2016,43,DLF
19-01-2016,42.96,DLF
20-01-2016,41.26,DLF
21-01-2016,40.97,DLF
22-01-2016,42.29,DLF
25-01-2016,41.84,DLF
27-01-2016,42.78,DLF
28-01-2016,42.31,DLF
29-01-2016,43.11,DLF
01-02-2016,43.27,DLF
02-02-2016,41.75,DLF
03-02-2016,41.82,DLF
04-02-2016,42.29,DLF
05-02-2016,42.87,DLF
08-02-2016,43.18,DLF
09-02-2016,42.73,DLF
10-02-2016,40.45,DLF
11-02-2016,36.36,DLF
12-02-2016,36.09,DLF
15-02-2016,40.05,DLF
16-02-2016,38.42,DLF
17-02-2016,39.58,DLF
18-02-2016,38.77,DLF
19-02-2016,39.45,DLF
22-02-2016,39.83,DLF
23-02-2016,38.01,DLF
24-02-2016,37.97,DLF
25-02-2016,37.34,DLF
26-02-2016,39.02,DLF
29-02-2016,39.83,DLF
01-03-2016,43.78,DLF
02-03-2016,48.05,DLF
03-03-2016,47.45,DLF
04-03-2016,48.27,DLF
08-03-2016,47.89,DLF
09-03-2016,48.06,DLF
10-03-2016,47.42,DLF
11-03-2016,47.6,DLF
14-03-2016,47.19,DLF
15-03-2016,47.28,DLF
16-03-2016,47.68,DLF
17-03-2016,46.99,DLF
18-03-2016,48,DLF
21-03-2016,48.85,DLF
22-03-2016,51.36,DLF
23-03-2016,51.58,DLF
28-03-2016,47.67,DLF
29-03-2016,47.75,DLF
30-03-2016,51.47,DLF
31-03-2016,21.27,DLF
01-04-2016,22.43,DLF
04-04-2016,22.02,DLF
05-04-2016,21.03,DLF
06-04-2016,21.26,DLF
07-04-2016,21.07,DLF
08-04-2016,21.99,DLF
11-04-2016,22.38,DLF
12-04-2016,22.18,DLF
13-04-2016,22.63,DLF
18-04-2016,23.19,DLF
20-04-2016,23.07,DLF
21-04-2016,22.84,DLF
22-04-2016,22.72,DLF
25-04-2016,22.31,DLF
26-04-2016,23.04,DLF
27-04-2016,22.86,DLF
28-04-2016,23.33,DLF
29-04-2016,24.02,DLF
02-05-2016,23.87,DLF
03-05-2016,23.65,DLF
04-05-2016,22.36,DLF
05-05-2016,23.12,DLF
06-05-2016,23.3,DLF
09-05-2016,23.79,DLF
10-05-2016,23.7,DLF
11-05-2016,23.4,DLF
12-05-2016,23.69,DLF
13-05-2016,22.61,DLF
16-05-2016,23.08,DLF
17-05-2016,23.05,DLF
18-05-2016,23.67,DLF
19-05-2016,23.06,DLF
20-05-2016,22.8,DLF
23-05-2016,22.55,DLF
24-05-2016,22.33,DLF
25-05-2016,22.79,DLF
26-05-2016,23.74,DLF
27-05-2016,23.95,DLF
30-05-2016,23.45,DLF
31-05-2016,24.1,DLF
01-06-2016,24.63,DLF
02-06-2016,24.83,DLF
03-06-2016,24.51,DLF
06-06-2016,24.59,DLF
07-06-2016,25.08,DLF
08-06-2016,25.38,DLF
09-06-2016,25.25,DLF
10-06-2016,24.87,DLF
13-06-2016,24.22,DLF
14-06-2016,24.62,DLF
15-06-2016,24.62,DLF
16-06-2016,24.32,DLF
17-06-2016,24.96,DLF
20-06-2016,25.73,DLF
21-06-2016,25.61,DLF
22-06-2016,26.01,DLF
23-06-2016,25.64,DLF
24-06-2016,24.73,DLF
27-06-2016,24.99,DLF
28-06-2016,24.78,DLF
29-06-2016,26.72,DLF
30-06-2016,25.34,DLF
01-07-2016,25.56,DLF
04-07-2016,26.79,DLF
05-07-2016,26.48,DLF
07-07-2016,26.2,DLF
08-07-2016,26.11,DLF
11-07-2016,26.67,DLF
12-07-2016,27.18,DLF
13-07-2016,26.53,DLF
14-07-2016,26.43,DLF
15-07-2016,26.54,DLF
18-07-2016,26.05,DLF
19-07-2016,25.69,DLF
20-07-2016,26.64,DLF
21-07-2016,26.13,DLF
22-07-2016,26.83,DLF
25-07-2016,27.62,DLF
26-07-2016,27.08,DLF
27-07-2016,27.08,DLF
28-07-2016,27.34,DLF
29-07-2016,27.38,DLF
01-08-2016,27.26,DLF
02-08-2016,26.74,DLF
03-08-2016,26.15,DLF
04-08-2016,27.41,DLF
05-08-2016,27.84,DLF
08-08-2016,27.99,DLF
09-08-2016,28.17,DLF
10-08-2016,28.1,DLF
11-08-2016,27.35,DLF
12-08-2016,27.45,DLF
16-08-2016,27.88,DLF
17-08-2016,28,DLF
18-08-2016,28.26,DLF
19-08-2016,28.33,DLF
22-08-2016,27.79,DLF
23-08-2016,27.51,DLF
24-08-2016,27.73,DLF
25-08-2016,27.33,DLF
26-08-2016,27.01,DLF
29-08-2016,26.74,DLF
30-08-2016,27.4,DLF
31-08-2016,26.22,DLF
01-09-2016,25.1,DLF
02-09-2016,25.32,DLF
06-09-2016,25.43,DLF
07-09-2016,25.64,DLF
08-09-2016,26.45,DLF
09-09-2016,26.65,DLF
12-09-2016,24.5,DLF
14-09-2016,24.42,DLF
15-09-2016,24.41,DLF
16-09-2016,24.69,DLF
19-09-2016,25.62,DLF
20-09-2016,24.96,DLF
21-09-2016,25.05,DLF
22-09-2016,25.98,DLF
23-09-2016,26.32,DLF
26-09-2016,25.83,DLF
27-09-2016,25.93,DLF
28-09-2016,26.36,DLF
29-09-2016,23.68,DLF
30-09-2016,28.4,DLF
03-10-2016,29.66,DLF
04-10-2016,29.85,DLF
05-10-2016,30.87,DLF
06-10-2016,30.17,DLF
07-10-2016,30.29,DLF
10-10-2016,29.91,DLF
13-10-2016,28.67,DLF
14-10-2016,29.17,DLF
17-10-2016,28.52,DLF
18-10-2016,29.47,DLF
19-10-2016,29.19,DLF
20-10-2016,29.88,DLF
21-10-2016,30.33,DLF
24-10-2016,30.13,DLF
25-10-2016,29.93,DLF
26-10-2016,29.54,DLF
27-10-2016,28.89,DLF
28-10-2016,29.23,DLF
30-10-2016,29.17,DLF
01-11-2016,29.07,DLF
02-11-2016,28.19,DLF
03-11-2016,27.82,DLF
04-11-2016,27.14,DLF
07-11-2016,27.93,DLF
08-11-2016,27.91,DLF
09-11-2016,23.03,DLF
10-11-2016,24.25,DLF
11-11-2016,22.67,DLF
15-11-2016,22.22,DLF
16-11-2016,21.1,DLF
17-11-2016,21.8,DLF
18-11-2016,22.61,DLF
21-11-2016,21.11,DLF
22-11-2016,21.56,DLF
23-11-2016,22.7,DLF
24-11-2016,21.98,DLF
25-11-2016,21.83,DLF
28-11-2016,21.93,DLF
29-11-2016,22.32,DLF
30-11-2016,22.35,DLF
01-12-2016,21.83,DLF
02-12-2016,21.32,DLF
05-12-2016,22.02,DLF
06-12-2016,22.53,DLF
07-12-2016,21.74,DLF
08-12-2016,22.01,DLF
09-12-2016,22.32,DLF
12-12-2016,22.01,DLF
13-12-2016,21.8,DLF
14-12-2016,21.89,DLF
15-12-2016,21.91,DLF
16-12-2016,21.71,DLF
19-12-2016,21.72,DLF
20-12-2016,21.93,DLF
21-12-2016,22.83,DLF
22-12-2016,22.4,DLF
23-12-2016,22.05,DLF
26-12-2016,20.47,DLF
27-12-2016,21.06,DLF
28-12-2016,20.92,DLF
29-12-2016,21.41,DLF
30-12-2016,21.63,DLF
02-01-2017,14.88,DLF
03-01-2017,14.93,DLF
04-01-2017,15.72,DLF
05-01-2017,15.87,DLF
06-01-2017,15.86,DLF
09-01-2017,15.85,DLF
10-01-2017,15.71,DLF
11-01-2017,15.69,DLF
12-01-2017,15.69,DLF
13-01-2017,15.55,DLF
16-01-2017,16.24,DLF
17-01-2017,16.47,DLF
18-01-2017,16.51,DLF
19-01-2017,16.56,DLF
20-01-2017,16.11,DLF
23-01-2017,16.37,DLF
24-01-2017,16.47,DLF
25-01-2017,17.15,DLF
27-01-2017,16.99,DLF
30-01-2017,17.14,DLF
31-01-2017,16.91,DLF
01-02-2017,18.05,DLF
02-02-2017,17.75,DLF
03-02-2017,17.98,DLF
06-02-2017,18.22,DLF
07-02-2017,18.01,DLF
08-02-2017,18.23,DLF
09-02-2017,18.57,DLF
10-02-2017,18.52,DLF
13-02-2017,18.51,DLF
14-02-2017,18.48,DLF
15-02-2017,17.19,DLF
16-02-2017,17.67,DLF
17-02-2017,17.83,DLF
20-02-2017,18.33,DLF
21-02-2017,18.22,DLF
22-02-2017,18.29,DLF
23-02-2017,18.6,DLF
27-02-2017,18.4,DLF
28-02-2017,18.85,DLF
01-03-2017,19.24,DLF
02-03-2017,17.68,DLF
03-03-2017,18.05,DLF
06-03-2017,18.24,DLF
07-03-2017,18.18,DLF
08-03-2017,17.88,DLF
09-03-2017,17.84,DLF
10-03-2017,17.78,DLF
23-09-2013,16.90999307,DLF
24-09-2013,16.87124296,DLF
25-09-2013,16.83249285,DLF
26-09-2013,16.79374273,DLF
27-09-2013,16.75499262,DLF
30-09-2013,16.71624251,DLF
01-10-2013,16.6774924,DLF
03-10-2013,16.63874229,DLF
04-10-2013,16.59999218,DLF
07-10-2013,16.56124206,DLF
08-10-2013,16.52249195,DLF
09-10-2013,16.48374184,DLF
10-10-2013,16.44499173,DLF
11-10-2013,16.40624162,DLF
14-10-2013,16.3674915,DLF
15-10-2013,16.32874139,DLF
17-10-2013,16.28999128,DLF
18-10-2013,16.25124117,DLF
21-10-2013,16.21249106,DLF
22-10-2013,16.17374095,DLF
23-10-2013,16.13499083,DLF
24-10-2013,16.09624072,DLF
25-10-2013,16.05749061,DLF
28-10-2013,16.0187405,DLF
29-10-2013,15.97999039,DLF
30-10-2013,15.94124027,DLF
31-10-2013,15.90249016,DLF
01-11-2013,15.86374005,DLF
03-11-2013,15.82498994,DLF
05-11-2013,15.78623983,DLF
06-11-2013,15.74748972,DLF
07-11-2013,15.7087396,DLF
08-11-2013,15.66998949,DLF
11-11-2013,15.63123938,DLF
12-11-2013,15.59248927,DLF
13-11-2013,15.55373916,DLF
14-11-2013,15.51498904,DLF
18-11-2013,15.47623893,DLF
19-11-2013,15.43748882,DLF
20-11-2013,15.39873871,DLF
21-11-2013,15.3599886,DLF
22-11-2013,15.32123848,DLF
25-11-2013,15.28248837,DLF
26-11-2013,15.24373826,DLF
27-11-2013,15.20498815,DLF
28-11-2013,15.16623804,DLF
29-11-2013,15.12748793,DLF
02-12-2013,15.08873781,DLF
03-12-2013,15.0499877,DLF
04-12-2013,15.01123759,DLF
05-12-2013,14.97248748,DLF
06-12-2013,14.93373737,DLF
09-12-2013,14.89498725,DLF
10-12-2013,14.85623714,DLF
11-12-2013,14.81748703,DLF
12-12-2013,14.77873692,DLF
13-12-2013,14.73998681,DLF
16-12-2013,14.7012367,DLF
17-12-2013,14.66248658,DLF
18-12-2013,14.62373647,DLF
19-12-2013,14.58498636,DLF
20-12-2013,14.54623625,DLF
23-12-2013,14.50748614,DLF
24-12-2013,14.46873602,DLF
26-12-2013,14.42998591,DLF
27-12-2013,14.3912358,DLF
30-12-2013,14.35248569,DLF
31-12-2013,14.31373558,DLF
01-01-2014,14.27498547,DLF
02-01-2014,14.23623535,DLF
03-01-2014,14.19748524,DLF
06-01-2014,14.15873513,DLF
07-01-2014,14.11998502,DLF
08-01-2014,14.08123491,DLF
09-01-2014,14.04248479,DLF
10-01-2014,14.00373468,DLF
13-01-2014,13.96498457,DLF
14-01-2014,13.92623446,DLF
15-01-2014,13.88748435,DLF
16-01-2014,13.84873424,DLF
17-01-2014,13.80998412,DLF
20-01-2014,13.77123401,DLF
21-01-2014,13.7324839,DLF
22-01-2014,13.69373379,DLF
23-01-2014,13.65498368,DLF
24-01-2014,13.61623356,DLF
27-01-2014,13.57748345,DLF
28-01-2014,13.53873334,DLF
29-01-2014,13.49998323,DLF
30-01-2014,13.46123312,DLF
31-01-2014,13.422483,DLF
03-02-2014,13.38373289,DLF
04-02-2014,13.34498278,DLF
05-02-2014,13.30623267,DLF
06-02-2014,13.26748256,DLF
07-02-2014,13.22873245,DLF
10-02-2014,13.18998233,DLF
11-02-2014,13.15123222,DLF
12-02-2014,13.11248211,DLF
13-02-2014,13.073732,DLF
14-02-2014,13.03498189,DLF
17-02-2014,12.99623177,DLF
18-02-2014,12.95748166,DLF
19-02-2014,12.91873155,DLF
20-02-2014,12.87998144,DLF
21-02-2014,12.84123133,DLF
24-02-2014,12.80248122,DLF
25-02-2014,12.7637311,DLF
26-02-2014,12.72498099,DLF
28-02-2014,12.68623088,DLF
03-03-2014,12.64748077,DLF
04-03-2014,12.60873066,DLF
05-03-2014,12.56998054,DLF
06-03-2014,12.53123043,DLF
07-03-2014,12.49248032,DLF
10-03-2014,12.45373021,DLF
11-03-2014,12.4149801,DLF
12-03-2014,12.37622999,DLF
13-03-2014,12.33747987,DLF
14-03-2014,12.29872976,DLF
18-03-2014,12.25997965,DLF
19-03-2014,12.22122954,DLF
20-03-2014,12.18247943,DLF
21-03-2014,12.14372931,DLF
22-03-2014,12.1049792,DLF
24-03-2014,12.06622909,DLF
25-03-2014,12.02747898,DLF
26-03-2014,11.98872887,DLF
27-03-2014,11.94997876,DLF
28-03-2014,11.91122864,DLF
31-03-2014,11.87247853,DLF
01-04-2014,11.83372842,DLF
02-04-2014,11.79497831,DLF
03-04-2014,11.7562282,DLF
04-04-2014,11.71747808,DLF
07-04-2014,11.67872797,DLF
09-04-2014,11.63997786,DLF
10-04-2014,11.60122775,DLF
11-04-2014,11.56247764,DLF
15-04-2014,11.52372752,DLF
16-04-2014,11.48497741,DLF
17-04-2014,11.4462273,DLF
21-04-2014,11.40747719,DLF
22-04-2014,11.36872708,DLF
23-04-2014,11.32997697,DLF
25-04-2014,11.29122685,DLF
28-04-2014,11.25247674,DLF
29-04-2014,11.21372663,DLF
30-04-2014,11.17497652,DLF
02-05-2014,11.13622641,DLF
05-05-2014,11.09747629,DLF
06-05-2014,11.05872618,DLF
07-05-2014,11.01997607,DLF
08-05-2014,10.98122596,DLF
09-05-2014,10.94247585,DLF
12-05-2014,10.90372574,DLF
13-05-2014,10.86497562,DLF
14-05-2014,10.82622551,DLF
15-05-2014,10.7874754,DLF
16-05-2014,10.74872529,DLF
19-05-2014,10.70997518,DLF
20-05-2014,10.67122506,DLF
21-05-2014,10.63247495,DLF
22-05-2014,10.59372484,DLF
23-05-2014,10.55497473,DLF
26-05-2014,10.51622462,DLF
27-05-2014,10.47747451,DLF
28-05-2014,10.43872439,DLF
29-05-2014,10.39997428,DLF
30-05-2014,10.36122417,DLF
02-06-2014,10.32247406,DLF
03-06-2014,10.28372395,DLF
04-06-2014,10.24497383,DLF
05-06-2014,10.20622372,DLF
06-06-2014,10.16747361,DLF
09-06-2014,10.1287235,DLF
10-06-2014,10.08997339,DLF
11-06-2014,10.05122328,DLF
12-06-2014,10.01247316,DLF
13-06-2014,9.973723052,DLF
16-06-2014,9.93497294,DLF
17-06-2014,9.896222828,DLF
18-06-2014,9.857472716,DLF
19-06-2014,9.818722604,DLF
20-06-2014,9.779972492,DLF
23-06-2014,9.741222381,DLF
24-06-2014,9.702472269,DLF
25-06-2014,9.663722157,DLF
26-06-2014,9.624972045,DLF
27-06-2014,9.586221933,DLF
30-06-2014,9.547471821,DLF
01-07-2014,9.50872171,DLF
02-07-2014,9.469971598,DLF
03-07-2014,9.431221486,DLF
04-07-2014,9.392471374,DLF
07-07-2014,9.353721262,DLF
08-07-2014,9.31497115,DLF
09-07-2014,9.276221039,DLF
10-07-2014,9.237470927,DLF
11-07-2014,9.198720815,DLF
14-07-2014,9.159970703,DLF
15-07-2014,9.121220591,DLF
16-07-2014,9.082470479,DLF
17-07-2014,9.043720368,DLF
18-07-2014,9.004970256,DLF
21-07-2014,8.966220144,DLF
22-07-2014,8.927470032,DLF
23-07-2014,8.88871992,DLF
24-07-2014,8.849969808,DLF
25-07-2014,8.811219697,DLF
28-07-2014,8.772469585,DLF
30-07-2014,8.733719473,DLF
31-07-2014,8.694969361,DLF
01-08-2014,8.656219249,DLF
04-08-2014,8.617469137,DLF
05-08-2014,8.578719025,DLF
06-08-2014,8.539968914,DLF
07-08-2014,8.501218802,DLF
08-08-2014,8.46246869,DLF
11-08-2014,8.423718578,DLF
12-08-2014,8.384968466,DLF
13-08-2014,8.346218354,DLF
14-08-2014,8.307468243,DLF
18-08-2014,8.268718131,DLF
19-08-2014,8.229968019,DLF
20-08-2014,8.191217907,DLF
21-08-2014,8.152467795,DLF
22-08-2014,8.113717683,DLF
25-08-2014,8.074967572,DLF
26-08-2014,8.03621746,DLF
27-08-2014,7.997467348,DLF
28-08-2014,7.958717236,DLF
01-09-2014,7.919967124,DLF
02-09-2014,7.881217012,DLF
03-09-2014,7.842466901,DLF
04-09-2014,7.803716789,DLF
05-09-2014,7.764966677,DLF
08-09-2014,7.726216565,DLF
09-09-2014,7.687466453,DLF
10-09-2014,7.648716341,DLF
11-09-2014,7.60996623,DLF
12-09-2014,7.571216118,DLF
15-09-2014,7.532466006,DLF
16-09-2014,7.493715894,DLF
17-09-2014,7.454965782,DLF
18-09-2014,7.41621567,DLF
19-09-2014,7.377465559,DLF
22-09-2014,7.338715447,DLF
23-09-2014,7.299965335,DLF
24-09-2014,7.261215223,DLF
25-09-2014,7.222465111,DLF
26-09-2014,7.183714999,DLF
29-09-2014,7.144964888,DLF
30-09-2014,7.106214776,DLF
01-10-2014,7.067464664,DLF
07-10-2014,7.028714552,DLF
08-10-2014,6.98996444,DLF
09-10-2014,6.951214328,DLF
10-10-2014,6.912464217,DLF
13-10-2014,6.873714105,DLF
14-10-2014,6.834963993,DLF
16-10-2014,6.796213881,DLF
17-10-2014,6.757463769,DLF
20-10-2014,6.718713657,DLF
21-10-2014,6.679963546,DLF
22-10-2014,6.641213434,DLF
23-10-2014,6.602463322,DLF
27-10-2014,6.56371321,DLF
28-10-2014,6.524963098,DLF
29-10-2014,6.486212986,DLF
30-10-2014,6.447462875,DLF
31-10-2014,6.408712763,DLF
03-11-2014,6.369962651,DLF
05-11-2014,6.331212539,DLF
07-11-2014,6.292462427,DLF
10-11-2014,6.253712315,DLF
11-11-2014,6.214962204,DLF
12-11-2014,6.176212092,DLF
13-11-2014,6.13746198,DLF
14-11-2014,6.098711868,DLF
17-11-2014,6.059961756,DLF
18-11-2014,6.021211644,DLF
19-11-2014,5.982461533,DLF
20-11-2014,5.943711421,DLF
21-11-2014,5.904961309,DLF
24-11-2014,5.866211197,DLF
25-11-2014,5.827461085,DLF
26-11-2014,5.788710973,DLF
27-11-2014,5.749960862,DLF
28-11-2014,5.71121075,DLF
01-12-2014,5.672460638,DLF
02-12-2014,5.633710526,DLF
03-12-2014,5.594960414,DLF
04-12-2014,5.556210302,DLF
05-12-2014,5.51746019,DLF
08-12-2014,5.478710079,DLF
09-12-2014,5.439959967,DLF
10-12-2014,5.401209855,DLF
11-12-2014,5.362459743,DLF
12-12-2014,5.323709631,DLF
15-12-2014,5.284959519,DLF
16-12-2014,5.246209408,DLF
17-12-2014,5.207459296,DLF
18-12-2014,5.168709184,DLF
19-12-2014,5.129959072,DLF
22-12-2014,5.09120896,DLF
23-12-2014,5.052458848,DLF
24-12-2014,5.013708737,DLF
26-12-2014,4.974958625,DLF
29-12-2014,4.936208513,DLF
30-12-2014,4.897458401,DLF
31-12-2014,4.858708289,DLF
01-01-2015,4.819958177,DLF
02-01-2015,4.781208066,DLF
05-01-2015,4.742457954,DLF
06-01-2015,4.703707842,DLF
07-01-2015,4.66495773,DLF
08-01-2015,4.626207618,DLF
09-01-2015,4.587457506,DLF
12-01-2015,4.548707395,DLF
13-01-2015,4.509957283,DLF
14-01-2015,4.471207171,DLF
15-01-2015,4.432457059,DLF
16-01-2015,4.393706947,DLF
19-01-2015,4.354956835,DLF
20-01-2015,4.316206724,DLF
21-01-2015,4.277456612,DLF
22-01-2015,4.2387065,DLF
23-01-2015,4.199956388,DLF
27-01-2015,4.161206276,DLF
28-01-2015,4.122456164,DLF
29-01-2015,4.083706053,DLF
30-01-2015,4.044955941,DLF
02-02-2015,4.006205829,DLF
03-02-2015,3.967455717,DLF
04-02-2015,3.928705605,DLF
05-02-2015,3.889955493,DLF
06-02-2015,3.851205382,DLF
09-02-2015,3.81245527,DLF
10-02-2015,3.773705158,DLF
11-02-2015,3.734955046,DLF
12-02-2015,3.696204934,DLF
13-02-2015,3.657454822,DLF
16-02-2015,3.618704711,DLF
18-02-2015,3.579954599,DLF
19-02-2015,3.541204487,DLF
20-02-2015,3.502454375,DLF
23-02-2015,3.463704263,DLF
24-02-2015,3.424954151,DLF
25-02-2015,3.38620404,DLF
26-02-2015,3.347453928,DLF
27-02-2015,3.308703816,DLF
28-02-2015,3.269953704,DLF
02-03-2015,3.231203592,DLF
03-03-2015,3.19245348,DLF
04-03-2015,3.153703369,DLF
05-03-2015,3.114953257,DLF
09-03-2015,3.076203145,DLF
10-03-2015,3.037453033,DLF
11-03-2015,2.998702921,DLF
12-03-2015,2.959952809,DLF
13-03-2015,2.921202698,DLF
16-03-2015,2.882452586,DLF
17-03-2015,2.843702474,DLF
18-03-2015,2.804952362,DLF
19-03-2015,2.76620225,DLF
20-03-2015,2.727452138,DLF
23-03-2015,2.688702027,DLF
24-03-2015,2.649951915,DLF
25-03-2015,2.611201803,DLF
26-03-2015,2.572451691,DLF
27-03-2015,2.533701579,DLF
30-03-2015,2.494951467,DLF
31-03-2015,2.456201355,DLF
01-04-2015,2.417451244,DLF
06-04-2015,2.378701132,DLF
07-04-2015,2.33995102,DLF
08-04-2015,2.301200908,DLF
09-04-2015,2.262450796,DLF
10-04-2015,2.223700684,DLF
13-04-2015,2.184950573,DLF
15-04-2015,2.146200461,DLF
16-04-2015,2.107450349,DLF
17-04-2015,2.068700237,DLF
20-04-2015,2.029950125,DLF
21-04-2015,1.991200013,DLF
22-04-2015,1.952449902,DLF
23-04-2015,1.91369979,DLF
24-04-2015,1.874949678,DLF
27-04-2015,1.836199566,DLF
28-04-2015,1.797449454,DLF
29-04-2015,1.758699342,DLF
30-04-2015,1.719949231,DLF
04-05-2015,1.681199119,DLF
05-05-2015,1.642449007,DLF
06-05-2015,1.603698895,DLF
07-05-2015,1.564948783,DLF
08-05-2015,1.526198671,DLF
11-05-2015,1.48744856,DLF
12-05-2015,1.448698448,DLF
13-05-2015,1.409948336,DLF
14-05-2015,1.371198224,DLF
15-05-2015,1.332448112,DLF
18-05-2015,1.293698,DLF
19-05-2015,1.254947889,DLF
20-05-2015,1.216197777,DLF
21-05-2015,1.177447665,DLF
22-05-2015,1.138697553,DLF
25-05-2015,1.099947441,DLF
26-05-2015,1.061197329,DLF
27-05-2015,1.022447218,DLF
28-05-2015,0.983697106,DLF
29-05-2015,0.944946994,DLF
01-06-2015,0.906196882,DLF
02-06-2015,0.86744677,DLF
03-06-2015,0.828696658,DLF
04-06-2015,0.789946547,DLF
05-06-2015,0.751196435,DLF
08-06-2015,0.712446323,DLF
09-06-2015,0.673696211,DLF
10-06-2015,0.634946099,DLF
11-06-2015,0.596195987,DLF
12-06-2015,0.557445876,DLF
15-06-2015,0.518695764,DLF
16-06-2015,0.479945652,DLF
17-06-2015,0.44119554,DLF
18-06-2015,0.402445428,DLF
19-06-2015,0.363695316,DLF
22-06-2015,0.324945205,DLF
23-06-2015,0.286195093,DLF
24-06-2015,0.247444981,DLF
25-06-2015,0.208694869,DLF
26-06-2015,0.169944757,DLF
29-06-2015,0.131194645,DLF
30-06-2015,0.092444534,DLF
01-07-2015,0.053694422,DLF
02-07-2015,0.01494431,DLF
03-07-2015,-0.023805802,DLF
06-07-2015,-0.062555914,DLF
07-07-2015,-0.101306026,DLF
08-07-2015,-0.140056137,DLF
09-07-2015,-0.178806249,DLF
10-07-2015,-0.217556361,DLF
13-07-2015,-0.256306473,DLF
14-07-2015,-0.295056585,DLF
15-07-2015,-0.333806697,DLF
16-07-2015,-0.372556808,DLF
17-07-2015,-0.41130692,DLF
20-07-2015,-0.450057032,DLF
21-07-2015,-0.488807144,DLF
22-07-2015,-0.527557256,DLF
23-07-2015,-0.566307368,DLF
24-07-2015,-0.60505748,DLF
27-07-2015,-0.643807591,DLF
28-07-2015,-0.682557703,DLF
29-07-2015,-0.721307815,DLF
30-07-2015,-0.760057927,DLF
31-07-2015,-0.798808039,DLF
03-08-2015,-0.837558151,DLF
04-08-2015,-0.876308262,DLF
05-08-2015,-0.915058374,DLF
06-08-2015,-0.953808486,DLF
07-08-2015,-0.992558598,DLF
10-08-2015,-1.03130871,DLF
11-08-2015,-1.070058822,DLF
12-08-2015,-1.108808933,DLF
13-08-2015,-1.147559045,DLF
14-08-2015,-1.186309157,DLF
17-08-2015,-1.225059269,DLF
18-08-2015,-1.263809381,DLF
19-08-2015,-1.302559493,DLF
20-08-2015,-1.341309604,DLF
21-08-2015,-1.380059716,DLF
24-08-2015,-1.418809828,DLF
25-08-2015,-1.45755994,DLF
26-08-2015,-1.496310052,DLF
27-08-2015,-1.535060164,DLF
28-08-2015,-1.573810275,DLF
31-08-2015,-1.612560387,DLF
01-09-2015,-1.651310499,DLF
02-09-2015,-1.690060611,DLF
03-09-2015,-1.728810723,DLF
04-09-2015,-1.767560835,DLF
07-09-2015,-1.806310946,DLF
08-09-2015,-1.845061058,DLF
09-09-2015,-1.88381117,DLF
10-09-2015,-1.922561282,DLF
11-09-2015,-1.961311394,DLF
14-09-2015,-2.000061506,DLF
15-09-2015,-2.038811617,DLF
16-09-2015,-2.077561729,DLF
18-09-2015,-2.116311841,DLF
21-09-2015,-2.155061953,DLF
22-09-2015,-2.193812065,DLF
23-09-2015,-2.232562177,DLF
24-09-2015,-2.271312288,DLF
28-09-2015,-2.3100624,DLF
29-09-2015,-2.348812512,DLF
30-09-2015,-2.387562624,DLF
01-10-2015,-2.426312736,DLF
05-10-2015,-2.465062848,DLF
06-10-2015,-2.503812959,DLF
07-10-2015,-2.542563071,DLF
08-10-2015,-2.581313183,DLF
09-10-2015,-2.620063295,DLF
12-10-2015,-2.658813407,DLF
13-10-2015,-2.697563519,DLF
14-10-2015,-2.73631363,DLF
15-10-2015,-2.775063742,DLF
16-10-2015,-2.813813854,DLF
19-10-2015,-2.852563966,DLF
20-10-2015,-2.891314078,DLF
21-10-2015,-2.93006419,DLF
23-10-2015,-2.968814301,DLF
26-10-2015,-3.007564413,DLF
27-10-2015,-3.046314525,DLF
28-10-2015,-3.085064637,DLF
29-10-2015,-3.123814749,DLF
30-10-2015,-3.162564861,DLF
02-11-2015,-3.201314972,DLF
03-11-2015,-3.240065084,DLF
04-11-2015,-3.278815196,DLF
05-11-2015,-3.317565308,DLF
06-11-2015,-3.35631542,DLF
09-11-2015,-3.395065532,DLF
10-11-2015,-3.433815643,DLF
11-11-2015,-3.472565755,DLF
13-11-2015,-3.511315867,DLF
16-11-2015,-3.550065979,DLF
17-11-2015,-3.588816091,DLF
18-11-2015,-3.627566203,DLF
19-11-2015,-3.666316315,DLF
20-11-2015,-3.705066426,DLF
23-11-2015,-3.743816538,DLF
24-11-2015,-3.78256665,DLF
26-11-2015,-3.821316762,DLF
27-11-2015,-3.860066874,DLF
30-11-2015,-3.898816986,DLF
01-12-2015,-3.937567097,DLF
02-12-2015,-3.976317209,DLF
03-12-2015,-4.015067321,DLF
04-12-2015,-4.053817433,DLF
07-12-2015,-4.092567545,DLF
08-12-2015,-4.131317657,DLF
09-12-2015,-4.170067768,DLF
10-12-2015,-4.20881788,DLF
11-12-2015,-4.247567992,DLF
14-12-2015,-4.286318104,DLF
15-12-2015,-4.325068216,DLF
16-12-2015,-4.363818328,DLF
17-12-2015,-4.402568439,DLF
18-12-2015,-4.441318551,DLF
21-12-2015,-4.480068663,DLF
22-12-2015,-4.518818775,DLF
23-12-2015,-4.557568887,DLF
24-12-2015,-4.596318999,DLF
28-12-2015,-4.63506911,DLF
29-12-2015,-4.673819222,DLF
30-12-2015,-4.712569334,DLF
31-12-2015,-4.751319446,DLF
01-01-2016,-4.790069558,DLF
04-01-2016,-4.82881967,DLF
05-01-2016,-4.867569781,DLF
06-01-2016,-4.906319893,DLF
07-01-2016,-4.945070005,DLF
08-01-2016,-4.983820117,DLF
11-01-2016,-5.022570229,DLF
12-01-2016,-5.061320341,DLF
13-01-2016,-5.100070452,DLF
14-01-2016,-5.138820564,DLF
15-01-2016,-5.177570676,DLF
18-01-2016,-5.216320788,DLF
19-01-2016,-5.2550709,DLF
20-01-2016,-5.293821012,DLF
21-01-2016,-5.332571123,DLF
22-01-2016,-5.371321235,DLF
25-01-2016,-5.410071347,DLF
27-01-2016,-5.448821459,DLF
28-01-2016,-5.487571571,DLF
29-01-2016,-5.526321683,DLF
01-02-2016,-5.565071794,DLF
02-02-2016,-5.603821906,DLF
03-02-2016,-5.642572018,DLF
04-02-2016,-5.68132213,DLF
05-02-2016,-5.720072242,DLF
08-02-2016,-5.758822354,DLF
09-02-2016,-5.797572465,DLF
10-02-2016,-5.836322577,DLF
11-02-2016,-5.875072689,DLF
12-02-2016,-5.913822801,DLF
15-02-2016,-5.952572913,DLF
16-02-2016,-5.991323025,DLF
17-02-2016,-6.030073136,DLF
18-02-2016,-6.068823248,DLF
19-02-2016,-6.10757336,DLF
22-02-2016,-6.146323472,DLF
23-02-2016,-6.185073584,DLF
24-02-2016,-6.223823696,DLF
25-02-2016,-6.262573807,DLF
26-02-2016,-6.301323919,DLF
29-02-2016,-6.340074031,DLF
01-03-2016,-6.378824143,DLF
02-03-2016,-6.417574255,DLF
03-03-2016,-6.456324367,DLF
04-03-2016,-6.495074478,DLF
08-03-2016,-6.53382459,DLF
09-03-2016,-6.572574702,DLF
10-03-2016,-6.611324814,DLF
11-03-2016,-6.650074926,DLF
14-03-2016,-6.688825038,DLF
15-03-2016,-6.72757515,DLF
16-03-2016,-6.766325261,DLF
17-03-2016,-6.805075373,DLF
18-03-2016,-6.843825485,DLF
21-03-2016,-6.882575597,DLF
22-03-2016,-6.921325709,DLF
23-03-2016,-6.960075821,DLF
28-03-2016,-6.998825932,DLF
29-03-2016,-7.037576044,DLF
30-03-2016,-7.076326156,DLF
31-03-2016,-7.115076268,DLF
01-04-2016,-7.15382638,DLF
04-04-2016,-7.192576492,DLF
05-04-2016,-7.231326603,DLF
06-04-2016,-7.270076715,DLF
07-04-2016,-7.308826827,DLF
08-04-2016,-7.347576939,DLF
11-04-2016,-7.386327051,DLF
12-04-2016,-7.425077163,DLF
13-04-2016,-7.463827274,DLF
18-04-2016,-7.502577386,DLF
20-04-2016,-7.541327498,DLF
21-04-2016,-7.58007761,DLF
22-04-2016,-7.618827722,DLF
25-04-2016,-7.657577834,DLF
26-04-2016,-7.696327945,DLF
27-04-2016,-7.735078057,DLF
28-04-2016,-7.773828169,DLF
29-04-2016,-7.812578281,DLF
02-05-2016,-7.851328393,DLF
03-05-2016,-7.890078505,DLF
04-05-2016,-7.928828616,DLF
05-05-2016,-7.967578728,DLF
06-05-2016,-8.00632884,DLF
09-05-2016,-8.045078952,DLF
10-05-2016,-8.083829064,DLF
11-05-2016,-8.122579176,DLF
12-05-2016,-8.161329287,DLF
13-05-2016,-8.200079399,DLF
16-05-2016,-8.238829511,DLF
17-05-2016,-8.277579623,DLF
18-05-2016,-8.316329735,DLF
19-05-2016,-8.355079847,DLF
20-05-2016,-8.393829958,DLF
23-05-2016,-8.43258007,DLF
24-05-2016,-8.471330182,DLF
25-05-2016,-8.510080294,DLF
26-05-2016,-8.548830406,DLF
27-05-2016,-8.587580518,DLF
30-05-2016,-8.626330629,DLF
31-05-2016,-8.665080741,DLF
01-06-2016,-8.703830853,DLF
02-06-2016,-8.742580965,DLF
03-06-2016,-8.781331077,DLF
06-06-2016,-8.820081189,DLF
07-06-2016,-8.8588313,DLF
08-06-2016,-8.897581412,DLF
09-06-2016,-8.936331524,DLF
10-06-2016,-8.975081636,DLF
13-06-2016,-9.013831748,DLF
14-06-2016,-9.05258186,DLF
15-06-2016,-9.091331971,DLF
16-06-2016,-9.130082083,DLF
17-06-2016,-9.168832195,DLF
20-06-2016,-9.207582307,DLF
21-06-2016,-9.246332419,DLF
22-06-2016,-9.285082531,DLF
23-06-2016,-9.323832642,DLF
24-06-2016,-9.362582754,DLF
27-06-2016,-9.401332866,DLF
28-06-2016,-9.440082978,DLF
29-06-2016,-9.47883309,DLF
30-06-2016,-9.517583202,DLF
01-07-2016,-9.556333313,DLF
04-07-2016,-9.595083425,DLF
05-07-2016,-9.633833537,DLF
07-07-2016,-9.672583649,DLF
08-07-2016,-9.711333761,DLF
11-07-2016,-9.750083873,DLF
12-07-2016,-9.788833985,DLF
13-07-2016,-9.827584096,DLF
14-07-2016,-9.866334208,DLF
15-07-2016,-9.90508432,DLF
18-07-2016,-9.943834432,DLF
19-07-2016,-9.982584544,DLF
20-07-2016,-10.02133466,DLF
21-07-2016,-10.06008477,DLF
22-07-2016,-10.09883488,DLF
25-07-2016,-10.13758499,DLF
26-07-2016,-10.1763351,DLF
27-07-2016,-10.21508521,DLF
28-07-2016,-10.25383533,DLF
29-07-2016,-10.29258544,DLF
01-08-2016,-10.33133555,DLF
02-08-2016,-10.37008566,DLF
03-08-2016,-10.40883577,DLF
04-08-2016,-10.44758589,DLF
05-08-2016,-10.486336,DLF
08-08-2016,-10.52508611,DLF
09-08-2016,-10.56383622,DLF
10-08-2016,-10.60258633,DLF
11-08-2016,-10.64133644,DLF
12-08-2016,-10.68008656,DLF
16-08-2016,-10.71883667,DLF
17-08-2016,-10.75758678,DLF
18-08-2016,-10.79633689,DLF
19-08-2016,-10.835087,DLF
22-08-2016,-10.87383712,DLF
23-08-2016,-10.91258723,DLF
24-08-2016,-10.95133734,DLF
25-08-2016,-10.99008745,DLF
26-08-2016,-11.02883756,DLF
29-08-2016,-11.06758768,DLF
30-08-2016,-11.10633779,DLF
31-08-2016,-11.1450879,DLF
01-09-2016,-11.18383801,DLF
02-09-2016,-11.22258812,DLF
06-09-2016,-11.26133823,DLF
07-09-2016,-11.30008835,DLF
08-09-2016,-11.33883846,DLF
09-09-2016,-11.37758857,DLF
12-09-2016,-11.41633868,DLF
14-09-2016,-11.45508879,DLF
15-09-2016,-11.49383891,DLF
16-09-2016,-11.53258902,DLF
19-09-2016,-11.57133913,DLF
20-09-2016,-11.61008924,DLF
21-09-2016,-11.64883935,DLF
22-09-2016,-11.68758946,DLF
23-09-2016,-11.72633958,DLF
26-09-2016,-11.76508969,DLF
27-09-2016,-11.8038398,DLF
28-09-2016,-11.84258991,DLF
29-09-2016,-11.88134002,DLF
30-09-2016,-11.92009014,DLF
03-10-2016,-11.95884025,DLF
04-10-2016,-11.99759036,DLF
05-10-2016,-12.03634047,DLF
06-10-2016,-12.07509058,DLF
07-10-2016,-12.11384069,DLF
10-10-2016,-12.15259081,DLF
13-10-2016,-12.19134092,DLF
14-10-2016,-12.23009103,DLF
17-10-2016,-12.26884114,DLF
18-10-2016,-12.30759125,DLF
19-10-2016,-12.34634137,DLF
20-10-2016,-12.38509148,DLF
21-10-2016,-12.42384159,DLF
24-10-2016,-12.4625917,DLF
25-10-2016,-12.50134181,DLF
26-10-2016,-12.54009192,DLF
27-10-2016,-12.57884204,DLF
28-10-2016,-12.61759215,DLF
30-10-2016,-12.65634226,DLF
01-11-2016,-12.69509237,DLF
02-11-2016,-12.73384248,DLF
03-11-2016,-12.7725926,DLF
04-11-2016,-12.81134271,DLF
07-11-2016,-12.85009282,DLF
08-11-2016,-12.88884293,DLF
09-11-2016,-12.92759304,DLF
10-11-2016,-12.96634316,DLF
11-11-2016,-13.00509327,DLF
15-11-2016,-13.04384338,DLF
16-11-2016,-13.08259349,DLF
17-11-2016,-13.1213436,DLF
18-11-2016,-13.16009371,DLF
21-11-2016,-13.19884383,DLF
22-11-2016,-13.23759394,DLF
23-11-2016,-13.27634405,DLF
24-11-2016,-13.31509416,DLF
25-11-2016,-13.35384427,DLF
28-11-2016,-13.39259439,DLF
29-11-2016,-13.4313445,DLF
30-11-2016,-13.47009461,DLF
01-12-2016,-13.50884472,DLF
02-12-2016,-13.54759483,DLF
05-12-2016,-13.58634494,DLF
06-12-2016,-13.62509506,DLF
07-12-2016,-13.66384517,DLF
08-12-2016,-13.70259528,DLF
09-12-2016,-13.74134539,DLF
12-12-2016,-13.7800955,DLF
13-12-2016,-13.81884562,DLF
14-12-2016,-13.85759573,DLF
15-12-2016,-13.89634584,DLF
16-12-2016,-13.93509595,DLF
19-12-2016,-13.97384606,DLF
20-12-2016,-14.01259617,DLF
21-12-2016,-14.05134629,DLF
22-12-2016,-14.0900964,DLF
23-12-2016,-14.12884651,DLF
26-12-2016,-14.16759662,DLF
27-12-2016,-14.20634673,DLF
28-12-2016,-14.24509685,DLF
29-12-2016,-14.28384696,DLF
30-12-2016,-14.32259707,DLF
02-01-2017,-14.36134718,DLF
03-01-2017,-14.40009729,DLF
04-01-2017,-14.4388474,DLF
05-01-2017,-14.47759752,DLF
06-01-2017,-14.51634763,DLF
09-01-2017,-14.55509774,DLF
10-01-2017,-14.59384785,DLF
11-01-2017,-14.63259796,DLF
12-01-2017,-14.67134808,DLF
13-01-2017,-14.71009819,DLF
16-01-2017,-14.7488483,DLF
17-01-2017,-14.78759841,DLF
18-01-2017,-14.82634852,DLF
19-01-2017,-14.86509863,DLF
20-01-2017,-14.90384875,DLF
23-01-2017,-14.94259886,DLF
24-01-2017,-14.98134897,DLF
25-01-2017,-15.02009908,DLF
27-01-2017,-15.05884919,DLF
30-01-2017,-15.09759931,DLF
31-01-2017,-15.13634942,DLF
01-02-2017,-15.17509953,DLF
02-02-2017,-15.21384964,DLF
03-02-2017,-15.25259975,DLF
06-02-2017,-15.29134987,DLF
07-02-2017,-15.33009998,DLF
08-02-2017,-15.36885009,DLF
09-02-2017,-15.4076002,DLF
10-02-2017,-15.44635031,DLF
13-02-2017,-15.48510042,DLF
14-02-2017,-15.52385054,DLF
15-02-2017,-15.56260065,DLF
16-02-2017,-15.60135076,DLF
17-02-2017,-15.64010087,DLF
20-02-2017,-15.67885098,DLF
21-02-2017,-15.7176011,DLF
22-02-2017,-15.75635121,DLF
23-02-2017,-15.79510132,DLF
27-02-2017,-15.83385143,DLF
28-02-2017,-15.87260154,DLF
01-03-2017,-15.91135165,DLF
02-03-2017,-15.95010177,DLF
03-03-2017,-15.98885188,DLF
06-03-2017,-16.02760199,DLF
07-03-2017,-16.0663521,DLF
08-03-2017,-16.10510221,DLF
09-03-2017,-16.14385233,DLF
10-03-2017,-16.18260244,DLF
23-09-2013,-16.22135255,DLF
24-09-2013,-16.26010266,DLF
25-09-2013,-16.29885277,DLF
26-09-2013,-16.33760288,DLF
27-09-2013,-16.376353,DLF
30-09-2013,-16.41510311,DLF
01-10-2013,-16.45385322,DLF
03-10-2013,-16.49260333,DLF
04-10-2013,-16.53135344,DLF
07-10-2013,-16.57010356,DLF
08-10-2013,-16.60885367,DLF
09-10-2013,-16.64760378,DLF
10-10-2013,-16.68635389,DLF
11-10-2013,-16.725104,DLF
14-10-2013,-16.76385411,DLF
15-10-2013,-16.80260423,DLF
17-10-2013,-16.84135434,DLF
18-10-2013,-16.88010445,DLF
21-10-2013,-16.91885456,DLF
22-10-2013,-16.95760467,DLF
23-10-2013,-16.99635479,DLF
24-10-2013,-17.0351049,DLF
25-10-2013,-17.07385501,DLF
28-10-2013,-17.11260512,DLF
29-10-2013,-17.15135523,DLF
30-10-2013,-17.19010535,DLF
31-10-2013,-17.22885546,DLF
01-11-2013,-17.26760557,DLF
03-11-2013,-17.30635568,DLF
05-11-2013,-17.34510579,DLF
06-11-2013,-17.3838559,DLF
07-11-2013,-17.42260602,DLF
08-11-2013,-17.46135613,DLF
11-11-2013,-17.50010624,DLF
12-11-2013,-17.53885635,DLF
13-11-2013,-17.57760646,DLF
14-11-2013,-17.61635658,DLF
18-11-2013,-17.65510669,DLF
19-11-2013,-17.6938568,DLF
20-11-2013,-17.73260691,DLF
21-11-2013,-17.77135702,DLF
22-11-2013,-17.81010713,DLF
25-11-2013,-17.84885725,DLF
26-11-2013,-17.88760736,DLF
27-11-2013,-17.92635747,DLF
28-11-2013,-17.96510758,DLF
29-11-2013,-18.00385769,DLF
02-12-2013,-18.04260781,DLF
03-12-2013,-18.08135792,DLF
04-12-2013,-18.12010803,DLF
05-12-2013,-18.15885814,DLF
06-12-2013,-18.19760825,DLF
09-12-2013,-18.23635836,DLF
10-12-2013,-18.27510848,DLF
11-12-2013,-18.31385859,DLF
12-12-2013,-18.3526087,DLF
13-12-2013,-18.39135881,DLF
16-12-2013,-18.43010892,DLF
17-12-2013,-18.46885904,DLF
18-12-2013,-18.50760915,DLF
19-12-2013,-18.54635926,DLF
20-12-2013,-18.58510937,DLF
23-12-2013,-18.62385948,DLF
24-12-2013,-18.66260959,DLF
26-12-2013,-18.70135971,DLF
27-12-2013,-18.74010982,DLF
30-12-2013,-18.77885993,DLF
31-12-2013,-18.81761004,DLF
01-01-2014,-18.85636015,DLF
02-01-2014,-18.89511027,DLF
03-01-2014,-18.93386038,DLF
06-01-2014,-18.97261049,DLF
07-01-2014,-19.0113606,DLF
08-01-2014,-19.05011071,DLF
09-01-2014,-19.08886083,DLF
10-01-2014,-19.12761094,DLF
13-01-2014,-19.16636105,DLF
14-01-2014,-19.20511116,DLF
15-01-2014,-19.24386127,DLF
16-01-2014,-19.28261138,DLF
17-01-2014,-19.3213615,DLF
20-01-2014,-19.36011161,DLF
21-01-2014,-19.39886172,DLF
22-01-2014,-19.43761183,DLF
23-01-2014,-19.47636194,DLF
24-01-2014,-19.51511206,DLF
27-01-2014,-19.55386217,DLF
28-01-2014,-19.59261228,DLF
29-01-2014,-19.63136239,DLF
30-01-2014,-19.6701125,DLF
31-01-2014,-19.70886261,DLF
03-02-2014,-19.74761273,DLF
04-02-2014,-19.78636284,DLF
05-02-2014,-19.82511295,DLF
06-02-2014,-19.86386306,DLF
07-02-2014,-19.90261317,DLF
10-02-2014,-19.94136329,DLF
11-02-2014,-19.9801134,DLF
12-02-2014,-20.01886351,DLF
13-02-2014,-20.05761362,DLF
14-02-2014,-20.09636373,DLF
17-02-2014,-20.13511384,DLF
18-02-2014,-20.17386396,DLF
19-02-2014,-20.21261407,DLF
20-02-2014,-20.25136418,DLF
21-02-2014,-20.29011429,DLF
24-02-2014,-20.3288644,DLF
25-02-2014,-20.36761452,DLF
26-02-2014,-20.40636463,DLF
28-02-2014,-20.44511474,DLF
03-03-2014,-20.48386485,DLF
04-03-2014,-20.52261496,DLF
05-03-2014,-20.56136507,DLF
06-03-2014,-20.60011519,DLF
07-03-2014,-20.6388653,DLF
10-03-2014,-20.67761541,DLF
11-03-2014,-20.71636552,DLF
12-03-2014,-20.75511563,DLF
13-03-2014,-20.79386575,DLF
14-03-2014,-20.83261586,DLF
18-03-2014,-20.87136597,DLF
19-03-2014,-20.91011608,DLF
20-03-2014,-20.94886619,DLF
21-03-2014,-20.9876163,DLF
22-03-2014,-21.02636642,DLF
24-03-2014,-21.06511653,DLF
25-03-2014,-21.10386664,DLF
26-03-2014,-21.14261675,DLF
27-03-2014,-21.18136686,DLF
28-03-2014,-21.22011698,DLF
31-03-2014,-21.25886709,DLF
01-04-2014,-21.2976172,DLF
02-04-2014,-21.33636731,DLF
03-04-2014,-21.37511742,DLF
04-04-2014,-21.41386754,DLF
07-04-2014,-21.45261765,DLF
09-04-2014,-21.49136776,DLF
10-04-2014,-21.53011787,DLF
11-04-2014,-21.56886798,DLF
15-04-2014,-21.60761809,DLF
16-04-2014,-21.64636821,DLF
17-04-2014,-21.68511832,DLF
21-04-2014,-21.72386843,DLF
22-04-2014,-21.76261854,DLF
23-04-2014,-21.80136865,DLF
25-04-2014,-21.84011877,DLF
28-04-2014,-21.87886888,DLF
29-04-2014,-21.91761899,DLF
30-04-2014,-21.9563691,DLF
02-05-2014,-21.99511921,DLF
05-05-2014,-22.03386932,DLF
06-05-2014,-22.07261944,DLF
07-05-2014,-22.11136955,DLF
08-05-2014,-22.15011966,DLF
09-05-2014,-22.18886977,DLF
12-05-2014,-22.22761988,DLF
13-05-2014,-22.26637,DLF
14-05-2014,-22.30512011,DLF
15-05-2014,-22.34387022,DLF
16-05-2014,-22.38262033,DLF
19-05-2014,-22.42137044,DLF
20-05-2014,-22.46012055,DLF
21-05-2014,-22.49887067,DLF
22-05-2014,-22.53762078,DLF
23-05-2014,-22.57637089,DLF
26-05-2014,-22.615121,DLF
27-05-2014,-22.65387111,DLF
28-05-2014,-22.69262123,DLF
29-05-2014,-22.73137134,DLF
30-05-2014,-22.77012145,DLF
02-06-2014,-22.80887156,DLF
03-06-2014,-22.84762167,DLF
04-06-2014,-22.88637178,DLF
05-06-2014,-22.9251219,DLF
06-06-2014,-22.96387201,DLF
09-06-2014,-23.00262212,DLF
10-06-2014,-23.04137223,DLF
11-06-2014,-23.08012234,DLF
12-06-2014,-23.11887246,DLF
13-06-2014,-23.15762257,DLF
16-06-2014,-23.19637268,DLF
17-06-2014,-23.23512279,DLF
18-06-2014,-23.2738729,DLF
19-06-2014,-23.31262302,DLF
20-06-2014,-23.35137313,DLF
23-06-2014,-23.39012324,DLF
24-06-2014,-23.42887335,DLF
25-06-2014,-23.46762346,DLF
26-06-2014,-23.50637357,DLF
27-06-2014,-23.54512369,DLF
30-06-2014,-23.5838738,DLF
01-07-2014,-23.62262391,DLF
02-07-2014,-23.66137402,DLF
03-07-2014,-23.70012413,DLF
04-07-2014,-23.73887425,DLF
07-07-2014,-23.77762436,DLF
08-07-2014,-23.81637447,DLF
09-07-2014,-23.85512458,DLF
10-07-2014,-23.89387469,DLF
11-07-2014,-23.9326248,DLF
14-07-2014,-23.97137492,DLF
15-07-2014,-24.01012503,DLF
16-07-2014,-24.04887514,DLF
17-07-2014,-24.08762525,DLF
18-07-2014,-24.12637536,DLF
21-07-2014,-24.16512548,DLF
22-07-2014,-24.20387559,DLF
23-07-2014,-24.2426257,DLF
24-07-2014,-24.28137581,DLF
25-07-2014,-24.32012592,DLF
28-07-2014,-24.35887603,DLF
30-07-2014,-24.39762615,DLF
31-07-2014,-24.43637626,DLF
01-08-2014,-24.47512637,DLF
04-08-2014,-24.51387648,DLF
05-08-2014,-24.55262659,DLF
06-08-2014,-24.59137671,DLF
07-08-2014,-24.63012682,DLF
08-08-2014,-24.66887693,DLF
11-08-2014,-24.70762704,DLF
12-08-2014,-24.74637715,DLF
13-08-2014,-24.78512726,DLF
14-08-2014,-24.82387738,DLF
18-08-2014,-24.86262749,DLF
19-08-2014,-24.9013776,DLF
20-08-2014,-24.94012771,DLF
21-08-2014,-24.97887782,DLF
22-08-2014,-25.01762794,DLF
25-08-2014,-25.05637805,DLF
26-08-2014,-25.09512816,DLF
27-08-2014,-25.13387827,DLF
28-08-2014,-25.17262838,DLF
01-09-2014,-25.2113785,DLF
02-09-2014,-25.25012861,DLF
03-09-2014,-25.28887872,DLF
04-09-2014,-25.32762883,DLF
05-09-2014,-25.36637894,DLF
08-09-2014,-25.40512905,DLF
09-09-2014,-25.44387917,DLF
10-09-2014,-25.48262928,DLF
11-09-2014,-25.52137939,DLF
12-09-2014,-25.5601295,DLF
15-09-2014,-25.59887961,DLF
16-09-2014,-25.63762973,DLF
17-09-2014,-25.67637984,DLF
18-09-2014,-25.71512995,DLF
19-09-2014,-25.75388006,DLF
22-09-2014,-25.79263017,DLF
23-09-2014,-25.83138028,DLF
24-09-2014,-25.8701304,DLF
25-09-2014,-25.90888051,DLF
26-09-2014,-25.94763062,DLF
29-09-2014,-25.98638073,DLF
30-09-2014,-26.02513084,DLF
01-10-2014,-26.06388096,DLF
07-10-2014,-26.10263107,DLF
08-10-2014,-26.14138118,DLF
09-10-2014,-26.18013129,DLF
10-10-2014,-26.2188814,DLF
13-10-2014,-26.25763151,DLF
14-10-2014,-26.29638163,DLF
16-10-2014,-26.33513174,DLF
17-10-2014,-26.37388185,DLF
20-10-2014,-26.41263196,DLF
21-10-2014,-26.45138207,DLF
22-10-2014,-26.49013219,DLF
23-10-2014,-26.5288823,DLF
27-10-2014,-26.56763241,DLF
28-10-2014,-26.60638252,DLF
29-10-2014,-26.64513263,DLF
30-10-2014,-26.68388274,DLF
31-10-2014,-26.72263286,DLF
03-11-2014,-26.76138297,DLF
05-11-2014,-26.80013308,DLF
07-11-2014,-26.83888319,DLF
10-11-2014,-26.8776333,DLF
11-11-2014,-26.91638342,DLF
12-11-2014,-26.95513353,DLF
13-11-2014,-26.99388364,DLF
14-11-2014,-27.03263375,DLF
17-11-2014,-27.07138386,DLF
18-11-2014,-27.11013397,DLF
19-11-2014,-27.14888409,DLF
20-11-2014,-27.1876342,DLF
21-11-2014,-27.22638431,DLF
24-11-2014,-27.26513442,DLF
25-11-2014,-27.30388453,DLF
26-11-2014,-27.34263465,DLF
27-11-2014,-27.38138476,DLF
28-11-2014,-27.42013487,DLF
01-12-2014,-27.45888498,DLF
02-12-2014,-27.49763509,DLF
03-12-2014,-27.53638521,DLF
04-12-2014,-27.57513532,DLF
05-12-2014,-27.61388543,DLF
08-12-2014,-27.65263554,DLF
09-12-2014,-27.69138565,DLF
10-12-2014,-27.73013576,DLF
11-12-2014,-27.76888588,DLF
12-12-2014,-27.80763599,DLF
15-12-2014,-27.8463861,DLF
16-12-2014,-27.88513621,DLF
17-12-2014,-27.92388632,DLF
18-12-2014,-27.96263644,DLF
19-12-2014,-28.00138655,DLF
22-12-2014,-28.04013666,DLF
23-12-2014,-28.07888677,DLF
24-12-2014,-28.11763688,DLF
26-12-2014,-28.15638699,DLF
29-12-2014,-28.19513711,DLF
30-12-2014,-28.23388722,DLF
31-12-2014,-28.27263733,DLF
01-01-2015,-28.31138744,DLF
02-01-2015,-28.35013755,DLF
05-01-2015,-28.38888767,DLF
06-01-2015,-28.42763778,DLF
07-01-2015,-28.46638789,DLF
08-01-2015,-28.505138,DLF
09-01-2015,-28.54388811,DLF
12-01-2015,-28.58263822,DLF
13-01-2015,-28.62138834,DLF
14-01-2015,-28.66013845,DLF
15-01-2015,-28.69888856,DLF
16-01-2015,-28.73763867,DLF
19-01-2015,-28.77638878,DLF
20-01-2015,-28.8151389,DLF
21-01-2015,-28.85388901,DLF
22-01-2015,-28.89263912,DLF
23-01-2015,-28.93138923,DLF
27-01-2015,-28.97013934,DLF
28-01-2015,-29.00888945,DLF
29-01-2015,-29.04763957,DLF
30-01-2015,-29.08638968,DLF
02-02-2015,-29.12513979,DLF
03-02-2015,-29.1638899,DLF
04-02-2015,-29.20264001,DLF
05-02-2015,-29.24139013,DLF
06-02-2015,-29.28014024,DLF
09-02-2015,-29.31889035,DLF
10-02-2015,-29.35764046,DLF
11-02-2015,-29.39639057,DLF
12-02-2015,-29.43514069,DLF
13-02-2015,-29.4738908,DLF
16-02-2015,-29.51264091,DLF
18-02-2015,-29.55139102,DLF
19-02-2015,-29.59014113,DLF
20-02-2015,-29.62889124,DLF
23-02-2015,-29.66764136,DLF
24-02-2015,-29.70639147,DLF
25-02-2015,-29.74514158,DLF
26-02-2015,-29.78389169,DLF
27-02-2015,-29.8226418,DLF
28-02-2015,-29.86139192,DLF
02-03-2015,-29.90014203,DLF
03-03-2015,-29.93889214,DLF
04-03-2015,-29.97764225,DLF
05-03-2015,-30.01639236,DLF
09-03-2015,-30.05514247,DLF
10-03-2015,-30.09389259,DLF
11-03-2015,-30.1326427,DLF
12-03-2015,-30.17139281,DLF
13-03-2015,-30.21014292,DLF
16-03-2015,-30.24889303,DLF
17-03-2015,-30.28764315,DLF
18-03-2015,-30.32639326,DLF
19-03-2015,-30.36514337,DLF
20-03-2015,-30.40389348,DLF
23-03-2015,-30.44264359,DLF
24-03-2015,-30.4813937,DLF
25-03-2015,-30.52014382,DLF
26-03-2015,-30.55889393,DLF
27-03-2015,-30.59764404,DLF
30-03-2015,-30.63639415,DLF
31-03-2015,-30.67514426,DLF
01-04-2015,-30.71389438,DLF
06-04-2015,-30.75264449,DLF
07-04-2015,-30.7913946,DLF
08-04-2015,-30.83014471,DLF
09-04-2015,-30.86889482,DLF
10-04-2015,-30.90764493,DLF
13-04-2015,-30.94639505,DLF
15-04-2015,-30.98514516,DLF
16-04-2015,-31.02389527,DLF
17-04-2015,-31.06264538,DLF
20-04-2015,-31.10139549,DLF
21-04-2015,-31.14014561,DLF
22-04-2015,-31.17889572,DLF
23-04-2015,-31.21764583,DLF
24-04-2015,-31.25639594,DLF
27-04-2015,-31.29514605,DLF
28-04-2015,-31.33389617,DLF
29-04-2015,-31.37264628,DLF
30-04-2015,-31.41139639,DLF
04-05-2015,-31.4501465,DLF
05-05-2015,-31.48889661,DLF
06-05-2015,-31.52764672,DLF
07-05-2015,-31.56639684,DLF
08-05-2015,-31.60514695,DLF
11-05-2015,-31.64389706,DLF
12-05-2015,-31.68264717,DLF
13-05-2015,-31.72139728,DLF
14-05-2015,-31.7601474,DLF
15-05-2015,-31.79889751,DLF
18-05-2015,-31.83764762,DLF
19-05-2015,-31.87639773,DLF
20-05-2015,-31.91514784,DLF
21-05-2015,-31.95389795,DLF
22-05-2015,-31.99264807,DLF
25-05-2015,-32.03139818,DLF
26-05-2015,-32.07014829,DLF
27-05-2015,-32.1088984,DLF
28-05-2015,-32.14764851,DLF
29-05-2015,-32.18639863,DLF
01-06-2015,-32.22514874,DLF
02-06-2015,-32.26389885,DLF
03-06-2015,-32.30264896,DLF
04-06-2015,-32.34139907,DLF
05-06-2015,-32.38014918,DLF
08-06-2015,-32.4188993,DLF
09-06-2015,-32.45764941,DLF
10-06-2015,-32.49639952,DLF
11-06-2015,-32.53514963,DLF
12-06-2015,-32.57389974,DLF
15-06-2015,-32.61264986,DLF
16-06-2015,-32.65139997,DLF
17-06-2015,-32.69015008,DLF
18-06-2015,-32.72890019,DLF
19-06-2015,-32.7676503,DLF
22-06-2015,-32.80640041,DLF
23-06-2015,-32.84515053,DLF
24-06-2015,-32.88390064,DLF
25-06-2015,-32.92265075,DLF
26-06-2015,-32.96140086,DLF
29-06-2015,-33.00015097,DLF
30-06-2015,-33.03890109,DLF
01-07-2015,-33.0776512,DLF
02-07-2015,-33.11640131,DLF
03-07-2015,-33.15515142,DLF
06-07-2015,-33.19390153,DLF
07-07-2015,-33.23265164,DLF
08-07-2015,-33.27140176,DLF
09-07-2015,-33.31015187,DLF
10-07-2015,-33.34890198,DLF
13-07-2015,-33.38765209,DLF
14-07-2015,-33.4264022,DLF
15-07-2015,-33.46515232,DLF
16-07-2015,-33.50390243,DLF
17-07-2015,-33.54265254,DLF
20-07-2015,-33.58140265,DLF
21-07-2015,-33.62015276,DLF
22-07-2015,-33.65890288,DLF
23-07-2015,-33.69765299,DLF
24-07-2015,-33.7364031,DLF
27-07-2015,-33.77515321,DLF
28-07-2015,-33.81390332,DLF
29-07-2015,-33.85265343,DLF
30-07-2015,-33.89140355,DLF
31-07-2015,-33.93015366,DLF
03-08-2015,-33.96890377,DLF
04-08-2015,-34.00765388,DLF
05-08-2015,-34.04640399,DLF
06-08-2015,-34.08515411,DLF
07-08-2015,-34.12390422,DLF
10-08-2015,-34.16265433,DLF
11-08-2015,-34.20140444,DLF
12-08-2015,-34.24015455,DLF
13-08-2015,-34.27890466,DLF
14-08-2015,-34.31765478,DLF
17-08-2015,-34.35640489,DLF
18-08-2015,-34.395155,DLF
19-08-2015,-34.43390511,DLF
20-08-2015,-34.47265522,DLF
21-08-2015,-34.51140534,DLF
24-08-2015,-34.55015545,DLF
25-08-2015,-34.58890556,DLF
26-08-2015,-34.62765567,DLF
27-08-2015,-34.66640578,DLF
28-08-2015,-34.70515589,DLF
31-08-2015,-34.74390601,DLF
01-09-2015,-34.78265612,DLF
02-09-2015,-34.82140623,DLF
03-09-2015,-34.86015634,DLF
04-09-2015,-34.89890645,DLF
07-09-2015,-34.93765657,DLF
08-09-2015,-34.97640668,DLF
09-09-2015,-35.01515679,DLF
10-09-2015,-35.0539069,DLF
11-09-2015,-35.09265701,DLF
14-09-2015,-35.13140712,DLF
15-09-2015,-35.17015724,DLF
16-09-2015,-35.20890735,DLF
18-09-2015,-35.24765746,DLF
21-09-2015,-35.28640757,DLF
22-09-2015,-35.32515768,DLF
23-09-2015,-35.3639078,DLF
24-09-2015,-35.40265791,DLF
28-09-2015,-35.44140802,DLF
29-09-2015,-35.48015813,DLF
30-09-2015,-35.51890824,DLF
01-10-2015,-35.55765836,DLF
05-10-2015,-35.59640847,DLF
06-10-2015,-35.63515858,DLF
07-10-2015,-35.67390869,DLF
08-10-2015,-35.7126588,DLF
09-10-2015,-35.75140891,DLF
12-10-2015,-35.79015903,DLF
13-10-2015,-35.82890914,DLF
14-10-2015,-35.86765925,DLF
15-10-2015,-35.90640936,DLF
16-10-2015,-35.94515947,DLF
19-10-2015,-35.98390959,DLF
20-10-2015,-36.0226597,DLF
21-10-2015,-36.06140981,DLF
23-10-2015,-36.10015992,DLF
26-10-2015,-36.13891003,DLF
27-10-2015,-36.17766014,DLF
28-10-2015,-36.21641026,DLF
29-10-2015,-36.25516037,DLF
30-10-2015,-36.29391048,DLF
02-11-2015,-36.33266059,DLF
03-11-2015,-36.3714107,DLF
04-11-2015,-36.41016082,DLF
05-11-2015,-36.44891093,DLF
06-11-2015,-36.48766104,DLF
09-11-2015,-36.52641115,DLF
10-11-2015,-36.56516126,DLF
11-11-2015,-36.60391137,DLF
13-11-2015,-36.64266149,DLF
16-11-2015,-36.6814116,DLF
17-11-2015,-36.72016171,DLF
18-11-2015,-36.75891182,DLF
19-11-2015,-36.79766193,DLF
20-11-2015,-36.83641205,DLF
23-11-2015,-36.87516216,DLF
24-11-2015,-36.91391227,DLF
26-11-2015,-36.95266238,DLF
27-11-2015,-36.99141249,DLF
30-11-2015,-37.0301626,DLF
01-12-2015,-37.06891272,DLF
02-12-2015,-37.10766283,DLF
03-12-2015,-37.14641294,DLF
04-12-2015,-37.18516305,DLF
07-12-2015,-37.22391316,DLF
08-12-2015,-37.26266328,DLF
09-12-2015,-37.30141339,DLF
10-12-2015,-37.3401635,DLF
11-12-2015,-37.37891361,DLF
14-12-2015,-37.41766372,DLF
15-12-2015,-37.45641384,DLF
16-12-2015,-37.49516395,DLF
17-12-2015,-37.53391406,DLF
18-12-2015,-37.57266417,DLF
21-12-2015,-37.61141428,DLF
22-12-2015,-37.65016439,DLF
23-12-2015,-37.68891451,DLF
24-12-2015,-37.72766462,DLF
28-12-2015,-37.76641473,DLF
29-12-2015,-37.80516484,DLF
30-12-2015,-37.84391495,DLF
31-12-2015,-37.88266507,DLF
01-01-2016,-37.92141518,DLF
04-01-2016,-37.96016529,DLF
05-01-2016,-37.9989154,DLF
06-01-2016,-38.03766551,DLF
07-01-2016,-38.07641562,DLF
08-01-2016,-38.11516574,DLF
11-01-2016,-38.15391585,DLF
12-01-2016,-38.19266596,DLF
13-01-2016,-38.23141607,DLF
14-01-2016,-38.27016618,DLF
15-01-2016,-38.3089163,DLF
18-01-2016,-38.34766641,DLF
19-01-2016,-38.38641652,DLF
20-01-2016,-38.42516663,DLF
21-01-2016,-38.46391674,DLF
22-01-2016,-38.50266685,DLF
25-01-2016,-38.54141697,DLF
27-01-2016,-38.58016708,DLF
28-01-2016,-38.61891719,DLF
29-01-2016,-38.6576673,DLF
01-02-2016,-38.69641741,DLF
02-02-2016,-38.73516753,DLF
03-02-2016,-38.77391764,DLF
04-02-2016,-38.81266775,DLF
05-02-2016,-38.85141786,DLF
08-02-2016,-38.89016797,DLF
09-02-2016,-38.92891808,DLF
10-02-2016,-38.9676682,DLF
11-02-2016,-39.00641831,DLF
12-02-2016,-39.04516842,DLF
15-02-2016,-39.08391853,DLF
16-02-2016,-39.12266864,DLF
17-02-2016,-39.16141876,DLF
18-02-2016,-39.20016887,DLF
19-02-2016,-39.23891898,DLF
22-02-2016,-39.27766909,DLF
23-02-2016,-39.3164192,DLF
24-02-2016,-39.35516931,DLF
25-02-2016,-39.39391943,DLF
26-02-2016,-39.43266954,DLF
29-02-2016,-39.47141965,DLF
01-03-2016,-39.51016976,DLF
02-03-2016,-39.54891987,DLF
03-03-2016,-39.58766999,DLF
04-03-2016,-39.6264201,DLF
08-03-2016,-39.66517021,DLF
09-03-2016,-39.70392032,DLF
10-03-2016,-39.74267043,DLF
11-03-2016,-39.78142055,DLF
14-03-2016,-39.82017066,DLF
15-03-2016,-39.85892077,DLF
16-03-2016,-39.89767088,DLF
17-03-2016,-39.93642099,DLF
18-03-2016,-39.9751711,DLF
21-03-2016,-40.01392122,DLF
22-03-2016,-40.05267133,DLF
23-03-2016,-40.09142144,DLF
28-03-2016,-40.13017155,DLF
29-03-2016,-40.16892166,DLF
30-03-2016,-40.20767178,DLF
31-03-2016,-40.24642189,DLF
01-04-2016,-40.285172,DLF
04-04-2016,-40.32392211,DLF
05-04-2016,-40.36267222,DLF
06-04-2016,-40.40142233,DLF
07-04-2016,-40.44017245,DLF
08-04-2016,-40.47892256,DLF
11-04-2016,-40.51767267,DLF
12-04-2016,-40.55642278,DLF
13-04-2016,-40.59517289,DLF
18-04-2016,-40.63392301,DLF
20-04-2016,-40.67267312,DLF
21-04-2016,-40.71142323,DLF
22-04-2016,-40.75017334,DLF
25-04-2016,-40.78892345,DLF
26-04-2016,-40.82767356,DLF
27-04-2016,-40.86642368,DLF
28-04-2016,-40.90517379,DLF
29-04-2016,-40.9439239,DLF
02-05-2016,-40.98267401,DLF
03-05-2016,-41.02142412,DLF
04-05-2016,-41.06017424,DLF
05-05-2016,-41.09892435,DLF
06-05-2016,-41.13767446,DLF
09-05-2016,-41.17642457,DLF
10-05-2016,-41.21517468,DLF
11-05-2016,-41.25392479,DLF
12-05-2016,-41.29267491,DLF
13-05-2016,-41.33142502,DLF
16-05-2016,-41.37017513,DLF
17-05-2016,-41.40892524,DLF
18-05-2016,-41.44767535,DLF
19-05-2016,-41.48642547,DLF
20-05-2016,-41.52517558,DLF
23-05-2016,-41.56392569,DLF
24-05-2016,-41.6026758,DLF
25-05-2016,-41.64142591,DLF
26-05-2016,-41.68017603,DLF
27-05-2016,-41.71892614,DLF
30-05-2016,-41.75767625,DLF
31-05-2016,-41.79642636,DLF
01-06-2016,-41.83517647,DLF
02-06-2016,-41.87392658,DLF
03-06-2016,-41.9126767,DLF
06-06-2016,-41.95142681,DLF
07-06-2016,-41.99017692,DLF
08-06-2016,-42.02892703,DLF
09-06-2016,-42.06767714,DLF
10-06-2016,-42.10642726,DLF
13-06-2016,-42.14517737,DLF
14-06-2016,-42.18392748,DLF
15-06-2016,-42.22267759,DLF
16-06-2016,-42.2614277,DLF
17-06-2016,-42.30017781,DLF
20-06-2016,-42.33892793,DLF
21-06-2016,-42.37767804,DLF
22-06-2016,-42.41642815,DLF
23-06-2016,-42.45517826,DLF
24-06-2016,-42.49392837,DLF
27-06-2016,-42.53267849,DLF
28-06-2016,-42.5714286,DLF
29-06-2016,-42.61017871,DLF
30-06-2016,-42.64892882,DLF
01-07-2016,-42.68767893,DLF
04-07-2016,-42.72642904,DLF
05-07-2016,-42.76517916,DLF
07-07-2016,-42.80392927,DLF
08-07-2016,-42.84267938,DLF
11-07-2016,-42.88142949,DLF
12-07-2016,-42.9201796,DLF
13-07-2016,-42.95892972,DLF
14-07-2016,-42.99767983,DLF
15-07-2016,-43.03642994,DLF
18-07-2016,-43.07518005,DLF
19-07-2016,-43.11393016,DLF
20-07-2016,-43.15268027,DLF
21-07-2016,-43.19143039,DLF
22-07-2016,-43.2301805,DLF
25-07-2016,-43.26893061,DLF
26-07-2016,-43.30768072,DLF
27-07-2016,-43.34643083,DLF
28-07-2016,-43.38518095,DLF
29-07-2016,-43.42393106,DLF
01-08-2016,-43.46268117,DLF
02-08-2016,-43.50143128,DLF
03-08-2016,-43.54018139,DLF
04-08-2016,-43.57893151,DLF
05-08-2016,-43.61768162,DLF
08-08-2016,-43.65643173,DLF
09-08-2016,-43.69518184,DLF
10-08-2016,-43.73393195,DLF
11-08-2016,-43.77268206,DLF
12-08-2016,-43.81143218,DLF
16-08-2016,-43.85018229,DLF
17-08-2016,-43.8889324,DLF
18-08-2016,-43.92768251,DLF
19-08-2016,-43.96643262,DLF
22-08-2016,-44.00518274,DLF
23-08-2016,-44.04393285,DLF
24-08-2016,-44.08268296,DLF
25-08-2016,-44.12143307,DLF
26-08-2016,-44.16018318,DLF
29-08-2016,-44.19893329,DLF
30-08-2016,-44.23768341,DLF
31-08-2016,-44.27643352,DLF
01-09-2016,-44.31518363,DLF
02-09-2016,-44.35393374,DLF
06-09-2016,-44.39268385,DLF
07-09-2016,-44.43143397,DLF
08-09-2016,-44.47018408,DLF
09-09-2016,-44.50893419,DLF
12-09-2016,-44.5476843,DLF
14-09-2016,-44.58643441,DLF
15-09-2016,-44.62518452,DLF
16-09-2016,-44.66393464,DLF
19-09-2016,-44.70268475,DLF
20-09-2016,-44.74143486,DLF
21-09-2016,-44.78018497,DLF
22-09-2016,-44.81893508,DLF
23-09-2016,-44.8576852,DLF
26-09-2016,-44.89643531,DLF
27-09-2016,-44.93518542,DLF
28-09-2016,-44.97393553,DLF
29-09-2016,-45.01268564,DLF
30-09-2016,-45.05143575,DLF
03-10-2016,-45.09018587,DLF
04-10-2016,-45.12893598,DLF
05-10-2016,-45.16768609,DLF
06-10-2016,-45.2064362,DLF
07-10-2016,-45.24518631,DLF
10-10-2016,-45.28393643,DLF
13-10-2016,-45.32268654,DLF
14-10-2016,-45.36143665,DLF
17-10-2016,-45.40018676,DLF
18-10-2016,-45.43893687,DLF
19-10-2016,-45.47768698,DLF
20-10-2016,-45.5164371,DLF
21-10-2016,-45.55518721,DLF
24-10-2016,-45.59393732,DLF
25-10-2016,-45.63268743,DLF
26-10-2016,-45.67143754,DLF
27-10-2016,-45.71018766,DLF
28-10-2016,-45.74893777,DLF
